site,A,T,C,G,empty
1,8235,71,55,71,
2,97,9555,61,60,
3,47,11734,34,87,
4,12448,171,32,114,
5,14771,90,34,25,
6,15339,76,22,27,
7,29,27,32,16385,
8,54,30,22,17129,
9,27,17640,45,18,
10,42,18201,36,39,
11,29,19166,19,35,
12,20246,67,31,40,
13,58,21411,92,9,
14,22290,28,31,17,
16,21,31,23578,12,
18,10,24984,11,144,
19,12,31,25143,147,
20,9,16,25344,143,
21,131,113,25447,14,
23,49,26,13,26232,
25,80,27249,34,60,
27,29178,10,12,43,
28,15,77,29322,4,
29,29717,51,7,2,
30,30213,24,59,63,
31,35256,308,12,7,
32,10,45,36275,6,
33,11,39,36625,12,
34,36292,626,26,6,
35,36386,814,6,9,
36,11,1271,36413,5,
37,239,63,38051,4,
38,39730,1,6,44,
61,3,87,1,143542,
66,55,1127,142800,0,
105,1,119,1,145223,
106,0,156,145168,4,
127,2,57,0,145796,
140,0,32,146052,5,
147,2,42,146097,0,
160,7,32,0,146318,
174,35,76,13,146344,
180,0,35,146516,0,
183,0,58,146631,0,
186,1,80,146696,1,
187,146049,0,0,718,
189,48,4,0,146753,
199,71,84,0,146724,
203,0,165,146695,0,
204,13,6840,28,140050,
207,3,58,146923,0,
208,0,32,0,146965,
210,3,67,0,147057,
213,36,18,0,147100,
218,0,64,147131,0,
219,13,118,3,147053,
222,0,693,146464,0,
228,1,42,147099,0,
241,4,128704,18048,0,
242,4,39,1,146991,
245,1,60,146997,0,
248,1,135,0,146909,
274,2,344,147697,0,
313,0,3162,144758,0,
335,17,501,148005,1,
337,0,134,148393,0,
344,5,50,150476,0,
346,0,121,150389,0,
354,39,0,1,150507,
361,150514,0,0,42,
370,17,32,1,150517,
374,45,1,0,150546,
376,29,103,1,150460,
379,500,1,150077,15,
392,0,41,150494,0,
398,0,64,150467,0,
408,150354,0,0,179,
431,83,4,0,150416,
435,150259,0,0,196,
443,45,6,6,150445,
445,0,139036,11418,0,
475,0,49,150458,0,
478,0,62,150460,0,
487,35,14,0,150454,
489,150412,0,0,100,
490,669,149816,23,0,
505,0,150246,199,1,
506,0,67,150381,1,
509,40,4,0,150270,
511,0,150127,58,1,
514,0,149733,367,1,
526,2,282,0,150175,
527,0,92,150376,0,
538,150496,2,0,45,
539,2,76,150470,0,
541,0,59,150501,0,
556,0,37,150517,0,
569,34,0,0,150519,
571,66,1,0,150479,
583,0,117,150408,0,
593,0,125,150412,0,
595,3,150493,32,2,
601,0,59,150494,0,
618,150527,0,0,35,
619,0,128,150433,0,
625,23,276,0,150243,
635,0,75,150194,0,
643,0,44,150565,0,
658,0,150612,42,0,
664,0,32,150629,0,
673,0,44,150682,0,
676,0,50,150674,0,
677,32,3,0,150691,
679,13,33,150682,0,
680,37,20,0,150674,
681,150666,0,0,70,
683,0,268,150363,0,
696,150323,0,433,0,
703,1,40,150723,0,
704,47,0,0,150721,
705,150728,1,0,31,
715,0,133,150625,1,
716,150704,0,0,53,
739,150670,0,1,85,
745,2,50,150700,0,
772,0,150602,153,0,
775,0,84,150668,0,
784,0,33,150724,0,
799,0,43,150729,0,
809,10,150713,44,0,
815,0,150,150595,0,
823,0,132,150618,0,
829,0,297,150466,0,
832,1,294,150475,0,
833,0,149706,1069,0,
835,0,214,150547,0,
843,0,61,150709,0,
853,0,47,150736,0,
854,0,90,150693,0,
872,24,183,5,150561,
874,1,62,150714,0,
875,10,54,150710,0,
882,3,116,150658,0,
884,1,230,150537,0,
895,150650,0,0,128,
900,0,49,150728,0,
904,0,517,150259,0,
913,0,49,150718,0,
920,4,480,150285,1,
922,59,22,0,150698,
934,1,42,150725,0,
936,3,137,150631,1,
940,135,0,0,150642,
958,0,31,150752,0,
959,26,52,150703,0,
967,0,150745,35,0,
970,48,5,0,150727,
988,0,78,150708,0,
1057,0,235,150456,0,
1059,0,25200,125300,0,
1060,4,80,150600,0,
1063,0,73,150605,0,
1076,0,165,150517,0,
1077,4,47,150632,1,
1079,150646,0,34,5,
1101,1,91,150571,0,
1102,1,80,150580,0,
1141,1,81,0,150615,
1142,0,41,150662,0,
1148,1,71,0,150637,
1150,0,225,150483,0,
1163,138430,12266,0,7,
1170,0,276,150411,0,
1181,3,85,0,150609,
1185,0,34,150642,0,
1186,98,2,4,150567,
1190,0,189,150489,1,
1191,2,390,150277,0,
1202,150647,1,0,44,
1204,0,49,150640,0,
1210,1,926,0,149753,
1218,0,179,150493,1,
1221,1,41,150641,0,
1238,1,33,150650,0,
1255,150709,0,0,37,
1263,2,46,150697,0,
1267,1,35,150720,0,
1288,0,225,150523,0,
1298,48,0,0,150713,
1302,1,164,150594,0,
1314,1,117,150491,0,
1317,150574,0,0,44,
1319,33,0,0,150578,
1342,0,66,150414,0,
1344,0,150029,442,0,
1346,33,24,150442,0,
1348,3,117,150375,0,
1368,0,150455,89,1,
1377,0,52,150502,0,
1380,0,84,150471,0,
1385,0,298,150248,0,
1387,0,84,150463,0,
1392,0,37,150518,0,
1397,514,1,0,150070,
1401,145,0,0,150444,
1419,0,462,150171,0,
1420,0,110,150516,0,
1426,1,52,150581,0,
1427,1,114,150522,1,
1437,0,376,150261,0,
1438,3,150568,2,74,
1439,11,31,1,150603,
1440,1328,3,0,149298,
1441,0,202,150443,0,
1457,0,268,150363,1,
1461,150586,0,0,70,
1463,67,2,0,150590,
1464,426,0,2,150213,
1469,0,81,150538,1,
1471,0,91,150525,1,
1473,5,58,150556,0,
1495,0,66,0,150540,
1513,0,451,150150,0,
1514,1,149,150456,0,
1515,150218,0,0,390,
1537,0,150547,54,0,
1545,0,43,150546,0,
1547,150328,0,0,84,
1562,0,150522,49,0,
1570,1,150524,34,0,
1572,0,42,150504,0,
1587,150610,0,0,35,
1589,40,6,0,150468,
1590,8,79,0,150554,
1593,0,159,150484,0,
1594,0,647,149997,0,
1599,1,40,0,150702,
1616,2,186,150580,0,
1620,150737,1,1,38,
1623,0,150718,51,0,
1625,0,260,150455,0,
1627,0,79,150637,0,
1630,150627,5,89,0,
1659,7,74,0,150608,
1684,2,229,150432,0,
1687,0,32,150643,0,
1710,0,60,150622,0,
1714,0,32,150654,0,
1722,0,168,150513,0,
1734,0,34,150660,0,
1738,5,280,1,150381,
1743,46,0,0,150639,
1747,43,0,0,150643,
1758,1,360,150310,0,
1812,0,182,150529,0,
1813,41,150668,3,0,
1820,383,26,0,150284,
1836,2,31,0,150680,
1843,12,84,0,150599,
1862,0,44,150654,1,
1874,3,61,0,150647,
1878,0,46,150634,0,
1884,0,164,150507,0,
1887,0,86,150601,0,
1904,150666,0,0,74,
1907,0,150700,35,2,
1909,0,62,150672,0,
1911,0,46,150688,0,
1912,5,710,150000,0,
1914,47,1,0,150685,
1915,0,32,150703,0,
1917,0,175,150557,0,
1918,0,150616,117,0,
1927,0,150494,225,0,
1936,0,150572,160,1,
1943,0,47,150586,0,
1947,0,149649,934,1,
1959,0,40,150506,0,
1960,0,124,150413,0,
1962,0,40,150516,0,
1968,0,374,150049,0,
1973,0,77,150502,0,
1980,111,0,0,150469,
1987,149847,0,0,727,
1997,1,45,150559,0,
2003,0,152,150451,1,
2015,150569,1,0,48,
2018,150546,0,0,79,
2035,28,197,0,150394,
2036,4,80,0,150351,
2037,1,46,150577,0,
2040,0,44,150574,0,
2061,0,31,150581,0,
2062,0,124,150496,1,
2070,0,45,150589,0,
2086,5,107,0,150515,
2091,0,91,150479,0,
2094,0,99,150440,0,
2106,0,76,150535,0,
2110,8,103,150490,0,
2113,1,284,150319,0,
2127,150594,0,1,39,
2142,0,39,150588,0,
2143,1,178,150460,0,
2144,8,50,0,150581,
2156,0,33,150592,0,
2161,150463,0,1,116,
2164,180,53,0,150372,
2189,13,89,150437,0,
2227,0,73,150698,0,
2232,0,136,150626,0,
2244,0,150636,69,0,
2258,37,0,0,150561,
2268,3,52,150148,0,
2282,504,0,0,149702,
2292,150176,0,75,2,
2299,0,65,150199,0,
2305,0,78,1,150175,
2306,0,85,150162,0,
2325,1,40,150209,0,
2330,1,150210,0,54,
2334,0,63,150193,0,
2370,0,35,150194,0,
2388,0,50,150152,0,
2399,0,62,150161,0,
2410,150202,0,1,44,
2416,1,2429,147830,0,
2434,0,32,150209,0,
2445,1,76,150142,0,
2447,16,205,0,150000,
2453,1,48,150199,0,
2455,0,82,150147,0,
2470,1,35,150182,0,
2480,147983,1,0,2240,
2485,0,43,150225,0,
2488,0,191,150090,0,
2508,7,126,150123,0,
2509,0,123,150133,1,
2523,0,101,150242,0,
2526,150176,0,73,3,
2527,34,32,0,150178,
2536,0,164,150288,0,
2537,0,150377,12,80,
2558,0,2387,147997,0,
2568,150369,0,0,41,
2570,0,35,149497,1,
2576,149307,224,0,1,
2638,3,175,148430,0,
2641,148544,0,0,97,
2644,4,46,148587,0,
2647,148598,0,0,39,
2659,1,58,0,148668,
2668,0,52,148542,0,
2675,4,51,148527,0,
2676,0,94,148523,0,
2695,1,52,148651,0,
2698,0,148661,59,1,
2704,0,39,148682,0,
2706,0,267,148479,0,
2710,0,68,148641,3,
2755,4,39,7,148737,
2764,1,33,0,148669,
2775,148732,0,0,69,
2782,1,44,1,148672,
2808,99,1,0,148560,
2810,148539,1,0,90,
2836,0,396,149039,1,
2841,0,43,149815,0,
2869,150568,6,0,186,
2878,7,66,150697,1,
2891,1206,2,0,149409,
2895,150655,0,1,86,
2902,0,31,150678,0,
2910,1,52,150537,0,
2919,0,41,150548,0,
2925,0,76,150517,0,
2933,1,44,150549,0,
2937,0,62,150527,0,
2939,0,156,150437,0,
2940,0,192,150395,0,
2942,4,136,150449,0,
2969,150568,0,0,81,
2973,0,476,150149,0,
3004,0,227,0,150288,
3011,0,150585,53,0,
3013,48,10,1,150594,
3037,1,131822,18635,0,
3042,2,38,150608,0,
3045,0,112,150531,0,
3049,2,150459,178,6,
3052,15,41,0,150590,
3053,5,136,0,150503,
3096,0,299,150213,0,
3099,1,383,150219,0,
3100,0,150443,0,153,
3114,11,513,0,150067,
3117,2,61,150528,0,
3130,0,34,150543,0,
3140,0,227,150361,0,
3152,43,6,0,150656,
3154,0,150706,33,0,
3157,1,59,150684,0,
3163,1,150659,88,0,
3176,0,38,150732,0,
3177,5,783,149982,0,
3179,51,0,0,150723,
3210,150697,0,0,49,
3215,150688,0,0,57,
3230,42,8,0,150698,
3231,4,41,0,150701,
3239,34,18,0,150685,
3242,229,12,0,150499,
3251,241,28,0,150411,
3253,0,47,150700,0,
3256,0,148812,1919,0,
3259,2,118,0,150480,
3261,1,326,150410,0,
3262,150714,1,0,31,
3264,0,34,150707,1,
3267,1,59,150680,0,
3311,36,30,150680,0,
3323,21,159,0,150571,
3327,150641,0,0,109,
3328,1,72,1,150671,
3330,1,32,150709,0,
3338,1,41,0,150692,
3340,0,40,2,150695,
3369,4,37,150707,0,
3373,718,11,150007,0,
3397,0,59,150694,0,
3403,2,41,0,150710,
3405,150693,0,4,61,
3411,0,194,150548,0,
3421,150682,0,0,68,
3429,0,37,150714,0,
3431,7,41,0,150707,
3483,6,250,1,150531,
3486,30,50,150700,1,
3505,0,39,150594,0,
3518,1,129,0,150455,
3540,1,48,150092,0,
3543,0,55,150111,0,
3547,1,150065,51,0,
3551,2,174,149739,0,
3564,0,106,0,149747,
3569,149863,0,0,280,
3580,150119,0,0,32,
3582,60,2,0,150080,
3587,0,50,150094,0,
3602,0,548,149624,0,
3619,0,89,150102,0,
3622,0,82,150113,0,
3634,3,188,149994,0,
3653,5,89,149994,0,
3656,0,53,150055,0,
3689,31,0,0,149922,
3692,3,103,0,149856,
3695,1,188,149752,0,
3717,0,33,149842,0,
3736,2,33,149854,0,
3737,1,181,149708,0,
3738,1,206,149670,0,
3743,0,66,149805,0,
3768,9,100,149671,0,
3773,0,111,149610,0,
3774,43,1,0,149673,
3784,0,129,150175,0,
3787,0,157,150202,0,
3792,0,57,150317,0,
3811,0,38,150704,0,
3817,2,98,150635,0,
3828,1,44,150447,0,
3831,102,0,1,150388,
3841,150367,80,0,0,
3849,1,80,0,150338,
3860,1,42,0,150307,
3871,6,522,0,149796,
3873,5,150267,42,7,
3874,2,49,150296,0,
3884,8,46,150301,0,
3885,18,88,150252,0,
3892,6,95,0,150259,
3893,43,0,0,150322,
3896,0,135,0,150195,
3903,0,76,150285,0,
3911,150335,0,0,39,
3923,33,18,150324,0,
3931,0,149925,450,1,
3955,6,104,0,150300,
3961,1,72,150354,0,
3992,1,54,150372,0,
3994,93,23,0,150249,
4002,0,2513,147836,0,
4006,8,443,0,149930,
4012,0,46,150356,0,
4048,3,38,150413,0,
4084,0,207,150559,0,
4090,0,44,150729,0,
4105,16,163,0,150582,
4113,0,110,150656,0,
4136,3,34,0,150730,
4148,4,85,0,150666,
4158,0,588,150164,0,
4162,2,73,0,150692,
4180,3,303,1,150456,
4185,52,1,0,150706,
4186,0,150672,90,0,
4195,322,150436,2,2,
4197,150654,0,8,104,
4201,0,66,0,150691,
4206,0,40,150720,0,
4207,7,77,0,150669,
4226,1,293,150469,0,
4229,150715,0,38,6,
4232,1,69,0,150696,
4234,0,44,150722,0,
4236,150720,0,0,48,
4255,134,179,1,150423,
4276,0,106,150649,0,
4285,9,41,0,150714,
4288,9,33,0,150722,
4291,150253,492,0,1,
4297,150728,0,0,36,
4300,0,177,0,150578,
4303,0,150675,87,0,
4320,1,141,150602,0,
4321,3,89,150649,0,
4331,0,120,150650,0,
4345,2,48,150732,0,
4354,260,5,0,150514,
4372,150690,0,0,100,
4390,3,136,0,150647,
4391,263,0,150519,0,
4399,1,96,0,150663,
4402,38,150720,31,0,
4403,40,0,0,150707,
4421,0,44,150656,0,
4423,0,34,150662,0,
4442,0,120,0,150195,
4444,8,112,0,150146,
4455,0,176,150087,0,
4456,2,82,150181,0,
4457,150227,1,0,37,
4467,0,40,150230,0,
4510,149,176,1,149896,
4511,38,1,0,150208,
4523,41,1,0,150183,
4540,0,785,149420,0,
4543,0,1150,149033,1,
4551,1,98,150115,0,
4577,0,32,150167,0,
4579,67,150136,1,0,
4582,0,267,149929,0,
4586,3,85,150108,0,
4624,150033,0,0,115,
4633,0,40,150106,0,
4640,0,150002,144,0,
4655,1,269,150183,0,
4657,50,37,0,150415,
4668,1,125,150621,0,
4672,0,37,150726,0,
4683,0,95,150611,0,
4686,0,45,150664,0,
4698,73,11,150640,0,
4711,1,150674,50,0,
4714,0,150684,40,0,
4720,25,43,0,150652,
4752,1,41,150697,0,
4755,2,69,150662,0,
4762,150701,0,0,36,
4776,0,36,150694,0,
4780,2,87,150640,0,
4784,0,63,150670,0,
4795,4,58,150674,0,
4809,0,39,150698,0,
4810,5,31,150698,0,
4832,0,127,150598,0,
4838,150708,0,0,34,
4878,0,85,150655,0,
4885,0,150702,34,0,
4886,0,39,150697,0,
4890,0,312,150420,0,
4893,1,47,150667,0,
4897,0,46,150687,0,
4904,0,83,0,150648,
4926,150571,0,167,7,
4927,0,53,150679,0,
4931,93,23,150624,0,
4949,0,150700,46,0,
4960,0,404,0,150341,
4965,6,465,150275,0,
4993,2,83,150661,0,
4999,0,76,150181,1,
5005,0,51,150200,0,
5008,10,47,1,150124,
5011,149827,0,47,0,
5031,0,34,149815,0,
5035,0,149784,72,0,
5040,149798,0,0,50,
5055,0,268,149551,0,
5079,0,33,149891,0,
5100,0,43,149840,0,
5142,1,54,149979,0,
5144,0,512,149495,0,
5158,1,149732,196,3,
5170,0,685,149123,0,
5173,0,130,149762,0,
5175,0,269,149628,0,
5182,0,149516,33,0,
5183,1,314,149211,0,
5184,18,212,149272,0,
5206,0,71,2,149732,
5210,34,4,0,149734,
5230,1,128,0,149718,
5239,0,68,149860,0,
5278,0,150090,164,2,
5284,0,108,150111,0,
5290,0,150497,181,0,
5301,0,172,149229,1,
5305,237,16,5,149140,
5310,0,118,149293,0,
5312,1,54,149345,0,
5339,0,93,148998,1,
5353,149187,1,0,45,
5365,0,120,149052,1,
5392,0,68,149184,0,
5425,1,36,0,149271,
5431,149295,0,1,44,
5465,2,149222,159,0,
5467,0,103,149267,0,
5482,0,35,149302,0,
5497,0,54,149256,0,
5507,606,148723,0,0,
5512,0,408,148923,0,
5539,37,1,0,149276,
5544,1,85,149238,0,
5554,1,52,0,149225,
5572,21,203,1,149328,
5573,0,149342,153,0,
5575,0,91,149474,0,
5585,71,0,149530,0,
5617,2,64,0,150655,
5621,2,55,150382,0,
5622,2,1939,148485,0,
5629,25,1059,0,149261,
5654,1,56,150149,0,
5672,0,341,149892,0,
5694,1,33,150207,0,
5700,644,8,149593,0,
5704,2,42,0,150215,
5716,11,81,0,150233,
5730,0,183,150113,1,
5784,0,112,150208,0,
5806,0,81,150238,0,
5812,0,249,150043,0,
5817,0,64,150186,0,
5822,5,51,150177,0,
5826,4,128,150018,0,
5835,0,35,150195,0,
5840,0,150203,38,0,
5849,0,37,150181,0,
5869,0,140,150091,0,
5884,0,180,150280,0,
5893,0,33,150444,0,
5907,1,159,150597,0,
5944,2,125,150524,0,
5950,0,207,0,150126,
5958,149862,1,0,240,
5974,0,39,150098,0,
5986,0,166,150013,0,
6016,3,218,150012,0,
6025,0,150221,33,0,
6026,0,240,150011,0,
6027,13,135,150100,0,
6031,4,46,150201,0,
6033,0,229,150024,1,
6040,0,428,149829,0,
6070,1,452,149824,0,
6123,36,0,0,150298,
6130,1,150288,36,0,
6145,0,91,150189,0,
6195,0,164,150525,0,
6196,1,63,150620,0,
6211,150522,0,2,253,
6255,0,60,150631,0,
6283,0,150558,31,0,
6285,1,238,150338,0,
6286,3,11497,139024,3,
6294,0,150444,153,0,
6308,150561,0,35,27,
6310,717,150,149554,1,
6312,1590,74,148897,2,
6317,2,46,150559,0,
6319,150575,0,0,40,
6336,0,100,150438,0,
6337,4,64,1,150475,
6344,0,61,0,150541,
6352,6,182,0,150423,
6354,0,50,150553,0,
6360,150309,0,1,40,
6363,0,34,150312,0,
6380,1,223,150152,0,
6385,0,67,150300,1,
6387,86,1,0,150285,
6394,1,150355,43,0,
6395,0,331,150059,5,
6401,2,281,150122,1,
6402,0,397,149976,0,
6404,1,91,0,150296,
6406,2,71,150324,0,
6421,0,52,4,150332,
6424,150352,0,2,44,
6441,150174,0,0,38,
6445,0,274,149919,0,
6446,25,44,0,150068,
6449,0,72,150126,0,
6461,2,73,0,150114,
6463,1,44,1,150127,
6466,150139,0,0,44,
6472,2,80,150034,0,
6476,2,34,0,150241,
6500,69,55,150438,0,
6512,150389,0,145,0,
6525,0,187,150341,0,
6532,2,48,0,150431,
6536,31,9,0,150437,
6538,0,62,150401,0,
6539,3,78,150369,2,
6541,0,521,149896,0,
6543,1,46,150423,0,
6548,0,51,150553,0,
6553,57,15,0,150547,
6554,43,0,0,150573,
6566,3,44,0,150563,
6568,0,49,150555,0,
6573,0,611,149984,0,
6578,0,59,150545,0,
6582,0,96,150496,0,
6600,150537,0,1,65,
6604,150564,1,0,51,
6606,0,104,150494,0,
6616,150519,0,0,84,
6622,1,12,38,150552,
6627,0,97,150516,0,
6628,0,61,150544,0,
6629,1,52,150552,1,
6633,0,111,150486,0,
6636,0,108,150486,0,
6638,0,89,150511,0,
6651,0,140,150471,0,
6659,150540,0,0,59,
6681,0,69,150540,0,
6693,150534,0,3,74,
6696,0,135,150376,0,
6701,0,62,150537,0,
6706,1,71,150538,1,
6709,150574,0,0,43,
6716,150577,0,0,48,
6723,0,119,150509,0,
6726,0,33,150590,1,
6730,0,89,150532,0,
6762,0,45,150588,0,
6769,0,150556,49,0,
6781,1,99,150437,0,
6807,2,667,149890,0,
6843,1,116,150423,1,
6861,2,51,149973,0,
6868,0,149238,32,0,
6874,0,148944,1,72,
6883,0,85,148585,0,
6896,1,93,148655,1,
6905,2,148807,0,62,
6926,0,224,148583,0,
6927,0,97,148710,0,
6936,0,37,148787,0,
6941,0,462,148346,0,
6943,4,38,3,148745,
6968,2,100,148997,0,
6982,0,70,149028,1,
6983,1,52,149057,0,
6990,0,405,148728,1,
7011,0,279,148911,1,
7025,149089,0,0,70,
7042,1,142,1,149472,
7051,0,91,149987,0,
7059,33,6,1,150453,
7081,0,64,150417,0,
7086,0,130,150211,0,
7113,1,79,148275,0,
7119,1,107,148294,1,
7162,1,273,148212,0,
7164,0,64,148429,0,
7165,11,172,148318,0,
7173,1,35,148461,0,
7231,0,34,148950,0,
7258,0,148532,34,0,
7267,0,237,148292,0,
7279,1,110,148467,0,
7292,0,148474,54,0,
7295,2,34,1,148491,
7299,1,82,148401,0,
7303,0,482,147950,1,
7318,1,42,149015,0,
7321,0,53,149095,0,
7328,0,60,0,149201,
7334,0,65,150648,0,
7357,1,150655,52,0,
7390,0,78,150602,1,
7393,11,199,1,150465,
7420,3,319,150386,0,
7423,0,94,150630,0,
7438,0,150396,322,0,
7471,0,40,150707,0,
7479,150643,0,0,105,
7528,1,944,149765,0,
7540,0,140813,9913,0,
7557,32,0,0,150699,
7560,60,0,0,150666,
7564,2,477,150236,0,
7600,0,239,150483,0,
7621,0,150688,32,1,
7675,2,75,0,149984,
7728,2,64,149989,0,
7732,0,40,150009,0,
7735,2,137,149898,0,
7743,0,33,0,150036,
7749,0,33,150030,0,
7756,0,57,0,150016,
7764,1,80,149980,0,
7765,5,309,149742,0,
7767,0,148727,1332,0,
7768,0,126,149943,1,
7772,0,45,150027,0,
7783,0,149922,161,0,
7792,1,150035,53,0,
7798,3,410,1,149670,
7814,0,150036,46,0,
7815,0,124,149950,0,
7834,1,195,149895,0,
7837,149812,1,285,0,
7843,0,44,150052,0,
7846,155,0,0,149936,
7851,0,123,149957,0,
7860,1,46,150031,0,
7869,0,87,149989,0,
7870,149970,0,1,109,
7873,5,62,0,150021,
7877,150021,0,0,59,
7919,1,150008,4,57,
7926,0,1058,148992,0,
7936,46,65,26,149900,
7945,0,122,149944,0,
7954,0,46,0,150044,
7960,2,53,0,150024,
8011,0,150683,64,0,
8016,0,52,150675,0,
8017,3,47,0,150682,
8022,0,150582,1,32,
8025,0,64,150671,0,
8031,150683,0,0,55,
8041,0,150646,95,0,
8042,31,0,0,150712,
8047,0,1336,149389,0,
8072,150578,0,0,164,
8075,104,1,2,150627,
8078,2,132,150601,3,
8083,342,17,0,150372,
8090,2,129,150604,0,
8092,0,105,150632,0,
8102,5,88,0,150646,
8106,0,64,150678,0,
8123,2,43,150703,0,
8131,1,80,1,150653,
8139,0,131,150613,0,
8140,0,143,150600,0,
8146,0,202,150550,0,
8152,0,96,150656,0,
8157,0,50,150697,0,
8179,12,325,0,150339,
8208,0,148,150581,0,
8240,0,52,150696,0,
8264,0,37,1,150717,
8290,0,123,150631,0,
8293,5,161,150591,0,
8296,0,150676,86,0,
8299,0,47,150704,0,
8311,0,57,150690,0,
8318,467,24,150252,0,
8320,3,62,150600,0,
8326,0,52,150589,0,
8327,0,82,150564,0,
8334,0,34,150592,0,
8344,0,66,150311,0,
8353,266,4,0,150126,
8367,0,31,150356,0,
8371,3,983,1,149380,
8389,0,280,150103,0,
8408,47,0,0,150356,
8410,0,150346,61,0,
8431,0,150349,32,0,
8473,0,150345,42,0,
8480,0,62,150335,0,
8540,50,1,0,150314,
8602,63,1,0,150354,
8606,0,51,150444,1,
8612,0,86,0,150455,
8618,55,0,0,150488,
8626,0,46,150569,1,
8645,2,50,149682,0,
8650,1,50,149503,0,
8651,148627,0,76,4,
8653,0,251,4,148118,
8655,0,125,147997,0,
8659,147563,0,0,248,
8660,0,108,147741,1,
8664,42,13,147835,0,
8683,1,1640,146328,0,
8743,0,148355,35,0,
8767,0,148559,37,1,
8772,0,100,148460,0,
8773,148523,0,2,41,
8782,1,6331,142197,0,
8788,0,148510,69,0,
8802,0,47,148437,0,
8809,1,63,148452,0,
8818,0,149,148234,0,
8821,148357,0,0,54,
8851,45,3,0,148240,
8861,38,3,0,148243,
8883,0,147979,373,0,
8885,361,147986,1,0,
8886,374,147954,5,0,
8887,148212,0,3,116,
8905,1,40,149584,0,
8917,0,409,150337,0,
8941,0,150717,33,0,
8944,0,150667,87,0,
8950,1,639,150103,0,
8956,0,41,150682,0,
8964,0,162,150553,0,
8983,2,150645,1,65,
8991,0,56,150653,0,
9070,0,150693,44,0,
9085,150689,0,0,44,
9092,40,1,0,150688,
9096,0,68,150661,0,
9107,5,150682,45,0,
9120,0,192,150534,0,
9130,2,241,1,150475,
9142,1,37,150683,0,
9165,1,92,150621,0,
9166,0,34,150680,0,
9170,0,49,150675,0,
9172,0,150619,105,0,
9180,1,38,150683,0,
9190,14,64,10,150625,
9196,150692,0,0,33,
9204,150673,0,4,41,
9205,0,150648,72,0,
9207,1,35,150683,0,
9223,0,448,150268,0,
9246,0,650,148089,0,
9267,64,0,0,148574,
9286,0,165,148400,0,
9289,0,148363,203,0,
9301,148561,0,0,31,
9319,3,63,148477,0,
9339,148496,0,0,42,
9344,0,75,148454,0,
9360,0,40,148494,0,
9389,131,0,0,149103,
9409,148940,1,0,99,
9419,148995,0,0,35,
9430,4,800,147837,2,
9433,148102,584,0,2,
9438,1,431,148237,0,
9442,0,66,148625,0,
9463,23,57,0,148608,
9474,0,212,148435,0,
9477,1749,146917,0,0,
9479,4,296,0,148744,
9491,0,165,149012,0,
9500,55,0,0,149126,
9514,150684,0,0,48,
9526,2,1141,2,149581,
9532,0,48,150698,0,
9541,0,62,150677,0,
9559,0,50,150629,0,
9561,0,142,150519,0,
9565,1,105,150569,0,
9598,0,162,150458,0,
9603,0,42,150583,0,
9611,1,39,150578,0,
9634,150522,96,0,2,
9652,1,31,0,150559,
9661,0,33,150562,0,
9667,0,150512,76,0,
9693,0,252,150306,0,
9705,0,85,0,150484,
9711,0,69,150501,0,
9714,0,39,150531,2,
9724,0,185,150370,0,
9733,0,87,150444,0,
9737,150424,0,0,39,
9742,0,149934,530,0,
9745,0,1251,149201,0,
9749,150390,0,0,60,
9778,6,38,150347,0,
9802,3,943,0,149718,
9803,26,115,150530,0,
9805,6,163,0,150508,
9836,1,35,150585,0,
9848,150523,0,0,101,
9856,0,76,0,150538,
9857,0,105,150505,0,
9866,0,43,150552,0,
9870,1,52,150538,0,
9891,0,250,150361,0,
9924,1,156,150496,0,
9928,3,45,0,150614,
9943,0,34,150631,0,
9962,0,37,150630,0,
9967,0,248,150415,0,
9979,1,91,150581,0,
9991,0,150632,47,0,
9996,0,163,150508,0,
10015,0,81,150597,0,
10029,0,138,150533,0,
10030,5,56,150617,0,
10039,8,50,150603,0,
10078,2,483,150179,0,
10096,35,0,0,150664,
10097,5480,0,0,145106,
10116,0,37,150746,0,
10138,0,103,150684,0,
10156,1,95,149475,1,
10188,0,458,148880,0,
10202,0,74,149269,0,
10207,0,46,149300,0,
10228,5,64,149351,0,
10236,149392,0,0,42,
10249,0,149521,71,0,
10252,0,94,149484,0,
10255,0,34,0,149555,
10262,109,13,1,149510,
10265,1510,0,0,148105,
10277,0,84,149545,0,
10279,1,441,149167,0,
10292,43,0,149601,0,
10301,377,1,149249,0,
10317,149602,0,0,33,
10319,0,2336,147292,0,
10323,148556,0,1,1007,
10332,0,42,149569,0,
10335,0,38,149579,0,
10369,0,640,149200,0,
10376,1,257,149620,0,
10377,0,40,149845,0,
10396,1,48,1,150739,
10440,0,112,150612,0,
10448,0,113,150608,0,
10449,0,159,150556,0,
10450,0,48,150668,0,
10453,0,150378,333,0,
10456,0,46,150652,0,
10458,0,67,150641,0,
10465,67,0,0,150656,
10507,0,344,150375,0,
10519,0,35,150709,0,
10523,2,1,40,150697,
10525,3,399,150331,0,
10537,0,36,150706,0,
10540,2,33,0,150707,
10554,46,150670,0,0,
10561,1,150685,61,0,
10582,0,580,150157,0,
10594,0,61,150680,0,
10604,0,37,150708,0,
10615,0,351,150377,0,
10626,0,297,150421,0,
10642,5,76,0,150638,
10688,17,379,0,150349,
10702,0,94,150680,0,
10712,0,64,150721,0,
10717,0,150687,96,0,
10741,0,47,147147,0,
10747,0,43,147155,0,
10755,0,99,147053,0,
10761,146781,0,0,36,
10771,0,146607,74,0,
10776,14,37,146645,0,
10789,0,129,146561,0,
10790,0,34,146650,2,
10793,7,81,0,146587,
10795,0,146628,63,0,
10798,728,8,145960,0,
10815,0,95,146608,1,
10818,0,49,146660,1,
10833,0,184,146579,0,
10834,1,46,146709,0,
10851,0,187,146582,0,
10868,0,157,147697,0,
10870,0,1006,0,146810,
10874,148124,0,0,64,
10886,226,0,0,147996,
10889,0,33,148022,0,
10902,62,0,0,147981,
10908,0,47,147993,0,
10947,41,0,0,148035,
10948,147759,0,0,314,
10969,0,55,147995,0,
10977,0,288,147734,0,
10978,147634,386,0,3,
10992,0,147788,213,0,
10996,0,33,0,147959,
11001,0,284,147836,0,
11003,3,45,148043,1,
11020,0,128,148404,0,
11029,34,12,0,150737,
11050,3,39,150701,0,
11071,0,7,33,150650,
11074,0,335,150008,0,
11083,8,12132,0,137670,
11095,1,50,150634,0,
11102,0,59,150631,0,
11109,0,849,149821,0,
11113,5,38,0,150639,
11117,150641,0,0,39,
11120,150636,0,0,47,
11124,0,237,150436,0,
11132,1,657,0,149982,
11134,0,150546,103,0,
11146,0,32,2,150650,
11152,5,80,150589,0,
11173,4,33,150653,0,
11192,0,150678,31,0,
11195,0,583,150119,0,
11200,0,60,150647,0,
11208,0,31,150674,0,
11221,6,107,0,150587,
11224,0,107,150601,0,
11230,1,1085,0,149621,
11243,9,36,0,150674,
11289,0,126,150607,0,
11308,3,80,150679,0,
11320,0,150704,64,0,
11335,2,88,0,150696,
11344,0,37,150754,0,
11345,0,59,150735,0,
11379,0,371,150237,0,
11396,49,1257,149305,0,
11401,0,762,1,149861,
11405,56,0,1,150564,
11417,0,379,2,150241,
11430,150595,1,0,48,
11438,150591,0,0,48,
11447,122,0,0,150536,
11455,1,69,150587,0,
11460,1,31,150635,0,
11464,41,1,0,150621,
11471,0,51,150601,0,
11497,0,1085,149510,0,
11514,0,173,150403,0,
11521,81,60,4,150355,
11522,0,150496,0,77,
11533,150130,1,0,441,
11535,2,56,0,150332,
11537,150536,1,1,31,
11540,1,34,0,150528,
11541,0,150522,0,41,
11557,3,156,0,150403,
11563,0,99,150574,0,
11572,6,173,150520,0,
11575,2,239,150466,0,
11587,0,150700,38,0,
11595,150702,0,0,34,
11596,1,120,0,150623,
11620,0,115,150634,0,
11623,150650,0,0,102,
11638,0,150639,106,1,
11653,2,133,150608,0,
11660,32,150715,0,0,
11674,0,107,150544,0,
11698,0,150644,59,0,
11704,0,87,150614,0,
11747,2,294,150426,0,
11750,2,230,150500,0,
11752,13,103,150622,0,
11758,2,139,150576,0,
11761,0,55,0,150682,
11781,150251,0,0,475,
11782,150460,0,0,258,
11798,0,150674,60,0,
11801,474,0,0,150247,
11824,0,77,150643,0,
11839,150673,0,1,67,
11842,93,29,0,150611,
11851,14,554,0,150157,
11857,0,150706,33,1,
11866,0,53,150685,0,
11893,2,49,0,150735,
11902,0,39,150752,0,
11906,0,1,45,150749,
11916,0,1546,149234,0,
11919,0,107,150680,0,
11923,150700,0,2,91,
11941,5,60,150718,0,
11956,0,148,150612,0,
11962,0,98,150659,6,
11991,150696,0,0,51,
12025,0,231,150527,0,
12043,0,66,150706,0,
12049,0,48,150722,0,
12052,2,58,0,150712,
12053,1,249,150514,0,
12066,0,150742,35,0,
12067,1,1169,0,149595,
12068,2,47,150722,3,
12070,1,49,5,150717,
12073,0,53,150717,0,
12075,150735,0,0,39,
12076,1,130,150638,0,
12084,0,61,150715,0,
12085,0,49,150723,0,
12112,0,150732,43,0,
12115,0,54,150715,0,
12116,2,159,150609,0,
12119,0,93,150672,0,
12145,0,150729,0,48,
12153,0,34,150743,0,
12171,0,39,150720,0,
12180,150697,0,0,62,
12184,0,150718,39,0,
12191,0,141,0,150603,
12197,150616,0,129,0,
12199,150609,0,0,139,
12202,0,46,1,150695,
12213,0,41,150717,0,
12218,150598,0,167,0,
12242,1,66,150624,0,
12243,60,25,0,150610,
12312,0,56,150649,0,
12315,51,0,0,150660,
12357,0,57,150665,0,
12374,0,106,150619,0,
12400,0,118,150594,0,
12410,150363,0,0,358,
12412,0,46,150682,0,
12415,0,249,150480,0,
12439,6,119,150608,0,
12458,150735,0,0,38,
12459,0,134,150612,0,
12469,1,34,150713,0,
12473,0,139,150597,0,
12478,280,2,0,150472,
12484,0,40,150679,0,
12488,0,65,150652,0,
12513,0,174,150552,0,
12514,7,109,1,150623,
12525,0,239,150487,0,
12534,1,185,150537,0,
12550,95,0,0,150642,
12557,150664,0,43,35,
12559,1,42,150704,0,
12565,1,54,0,150696,
12616,0,32,150714,0,
12623,0,32,150712,0,
12651,0,64,150674,1,
12710,1,249,150491,0,
12733,18,46,150711,0,
12741,16,45,150716,0,
12754,0,50,150731,0,
12756,0,86,150694,0,
12759,150692,0,5,82,
12763,0,107,150666,0,
12769,2,50,0,150725,
12778,0,37,150732,0,
12781,0,111,150622,0,
12784,0,38,150716,0,
12786,1,37,150717,0,
12809,0,121,150620,0,
12815,0,135,150607,0,
12820,150688,0,0,58,
12823,1,102,150638,0,
12832,71,43,0,150632,
12854,3,35,150697,1,
12880,2,194,150549,0,
12885,0,62,150686,0,
12886,150709,0,2,35,
12907,61,0,0,150685,
12911,33,1,0,150708,
12915,0,108,150624,0,
12919,0,50,150687,0,
12924,0,47,150690,0,
12970,0,62,150672,0,
12988,1,834,0,149901,
13006,1,150389,355,1,
13009,0,62,150694,0,
13011,0,89,150658,0,
13019,0,109,150646,0,
13059,0,55,150728,0,
13115,0,85,150677,0,
13119,0,49,150724,0,
13168,0,111,150672,0,
13199,75,0,150710,0,
13201,26,33,0,150720,
13216,1,150485,20,274,
13243,0,150748,33,0,
13247,0,94,150689,0,
13252,0,34,150748,0,
13261,0,39,150742,0,
13274,0,71,150707,0,
13297,3,91,150684,0,
13329,0,110,150666,0,
13335,0,110,150664,0,
13339,3,150704,71,0,
13348,2,92,0,150686,
13356,0,33,150751,0,
13372,0,37,150667,0,
13381,1,155,149705,6,
13426,0,72,149163,0,
13430,2,55,149189,0,
13456,149289,0,0,58,
13458,0,197,149104,1,
13459,2,45,2,149289,
13487,0,234,148928,0,
13512,149103,147,0,1,
13513,1,140,0,149117,
13514,150,1,1,149124,
13517,0,78,149188,0,
13536,0,2621,146646,0,
13548,0,47,149131,0,
13551,1,203,148964,0,
13568,0,63,149050,0,
13571,0,34,0,148809,
13575,0,149021,33,0,
13576,0,33,0,149016,
13584,0,42,148954,0,
13599,0,148930,69,0,
13617,1,49,0,150106,
13618,1,59,0,150132,
13620,1,70,150143,1,
13627,0,175,0,150585,
13665,6,522,150110,0,
13667,0,527,150110,0,
13671,0,33,150492,0,
13694,0,88,150516,0,
13712,150560,0,0,52,
13721,1,41,150566,0,
13730,0,1824,148737,0,
13794,0,150606,6,87,
13812,5,40,0,150635,
13827,0,150571,48,0,
13860,0,101,150516,0,
13862,0,986,149629,0,
13887,0,67,150557,0,
13890,0,150554,70,0,
13897,3,31,0,150591,
13947,150738,60,0,0,
13951,150754,1,0,37,
13953,150723,0,0,72,
13954,0,150754,39,1,
13957,2,37,150755,1,
13993,0,1106,0,149574,
13994,0,117,150567,0,
14016,0,61,150632,0,
14055,3,90,3,150640,
14073,0,150739,32,0,
14084,150557,0,0,218,
14097,0,49,150729,0,
14100,0,150669,110,0,
14118,46,48,1,150678,
14120,1,184,150577,0,
14122,1,50,0,150723,
14130,150743,41,1,3,
14177,0,44,150743,0,
14178,50,77,150653,0,
14183,0,57,150721,0,
14184,3,149,150622,0,
14189,0,39,150747,0,
14191,0,150690,97,0,
14195,38,5,150744,0,
14202,1,1927,0,148844,
14209,2,40,0,150738,
14220,2,64,150719,0,
14222,0,150415,0,342,
14223,150405,0,332,1,
14225,4,123,150364,0,
14230,357,30,150384,0,
14241,0,179,0,150618,
14262,0,35,150760,0,
14267,2,33,150760,0,
14277,1,42,0,150217,
14290,1,35,0,150404,
14313,0,150337,88,0,
14316,7,35,0,150385,
14318,0,74,150353,0,
14322,0,72,150344,0,
14335,0,38,0,150377,
14350,1,43,0,150401,
14358,0,39,150396,0,
14362,3,48,150407,0,
14396,0,31,150566,0,
14407,1,115,150509,0,
14408,3,131632,18717,0,
14428,0,70,0,150384,
14500,2,53,0,150384,
14571,0,44,150708,0,
14580,2,87,0,150498,
14585,0,35,150553,0,
14599,0,130,150445,0,
14605,0,38,150651,0,
14676,1,129,150577,0,
14688,0,88,150675,0,
14708,0,75,150691,0,
14718,31,7,0,150727,
14721,1,150724,35,0,
14724,0,213,150535,0,
14741,1,340,150405,0,
14747,150702,1,0,44,
14760,2,32,150711,0,
14768,1,190,150558,0,
14786,0,736,150028,0,
14790,0,50,150700,0,
14791,150714,60,0,1,
14792,1,164,0,150609,
14805,1,7396,143273,0,
14827,150735,0,0,39,
14829,1,139,1,150626,
14874,1,50,0,150722,
14877,0,229,150542,0,
14898,0,63,150715,0,
14912,150468,0,0,79,
14925,0,122,150379,0,
14931,2,94,150479,0,
14937,1,234,150343,0,
14940,150546,0,0,33,
14980,1,70,150513,0,
15017,2,43,150654,0,
15024,0,48,150646,0,
15026,0,81,150625,0,
15051,0,150621,99,1,
15102,0,150652,4,61,
15128,0,65,0,150646,
15141,1,47,150615,0,
15166,0,150597,37,0,
15202,0,51,10,150612,
15216,0,69,150721,0,
15237,0,120,150424,0,
15240,0,106,150445,0,
15243,0,140,0,150404,
15251,1,42,150500,1,
15264,0,150511,37,0,
15276,433,150108,3,1,
15277,0,137,150395,0,
15279,0,41,150500,0,
15324,0,3695,146808,0,
15327,2,74,0,150467,
15342,1,52,150565,0,
15352,0,205,150407,0,
15354,1,150481,133,0,
15371,1,95,150544,0,
15372,2,36,1,150604,
15380,0,360,0,150232,
15406,59,1537,0,148890,
15438,3,526,2,149992,
15444,1,51,0,150470,
15451,45,3,0,150483,
15452,0,34,0,150495,
15477,150089,437,0,6,
15480,1,878,149651,0,
15535,0,44,0,150750,
15540,0,366,150369,0,
15543,6,46,0,150690,
15567,0,150722,46,0,
15579,0,55,150706,0,
15594,2,672,0,150088,
15598,827,6,0,149928,
15602,53,1,0,150718,
15648,0,150740,57,1,
15652,0,157,0,150631,
15654,0,109,150680,0,
15656,0,43,150747,0,
15657,150747,2,0,46,
15669,0,150739,51,0,
15672,0,100,1,150680,
15696,0,150748,0,42,
15714,1,46,150739,0,
15720,0,360,150403,0,
15732,2,51,0,150735,
15738,0,189,150574,0,
15752,0,65,150724,0,
15753,150713,0,0,76,
15760,66,7,0,150714,
15763,0,75,150707,1,
15766,1,1080,0,149684,
15779,150728,0,8,37,
15810,0,45,150725,0,
15848,0,302,150441,0,
15857,1,76,150665,0,
15906,16,106,0,150580,
15907,46,14,0,150655,
15908,84,16,0,150613,
15925,1,37,150708,0,
15928,0,31,150712,0,
15933,0,953,149787,0,
15942,150711,0,2,31,
15951,0,44,150698,0,
15952,0,152,150570,0,
15957,55,425,0,150259,
15960,2,379,150364,0,
15972,150429,0,0,353,
15978,0,150730,53,0,
15981,0,210,150577,0,
15982,8,42,0,150739,
15984,150555,224,0,0,
16017,0,315,150463,0,
16044,150526,257,0,0,
16049,0,60,150713,0,
16075,0,63,0,150696,
16078,86,0,0,150672,
16084,0,54,150733,0,
16092,0,104,150677,0,
16111,0,187,150587,0,
16117,7,32,1,150737,
16163,1,79,150711,0,
16173,1,56,150733,0,
16178,0,92,150695,0,
16192,0,95,150275,0,
16193,1,68,150309,0,
16206,0,87,0,150231,
16222,0,63,150263,0,
16247,0,89,150275,0,
16260,0,1453,148921,0,
16289,0,954,149503,0,
16293,0,280,150205,0,
16308,0,108,150393,0,
16323,0,67,150472,0,
16329,0,76,150468,0,
16332,0,56,150501,0,
16338,1,38,150514,0,
16349,0,85,150390,0,
16362,0,78,150395,0,
16376,0,198,150271,0,
16377,35,85,21,150329,
16381,122,0,0,150358,
16393,1,71,150348,0,
16394,2,138,150312,0,
16425,6,150164,0,331,
16428,0,68,150437,0,
16456,1,150709,63,12,
16457,0,63,150723,0,
16466,2,59,150656,0,
16468,0,33,150754,0,
16469,0,225,150566,0,
16474,150713,0,0,65,
16479,0,150704,86,0,
16491,0,150450,56,0,
16512,150376,0,0,58,
16542,0,150396,55,0,
16554,0,150394,54,0,
16575,1,133,150297,0,
16616,1,281,150282,0,
16626,1,175,150259,0,
16638,150381,1,0,35,
16647,36,9964,8,140404,
16658,1,36,150384,1,
16694,4,132,150293,0,
16700,0,38,0,150390,
16707,2,45,0,150373,
16710,4,102,0,150319,
16726,0,55,150356,1,
16733,0,122,150288,0,
16734,150376,1,0,49,
16741,27,269,0,150027,
16750,0,41,150409,0,
16762,0,195,150311,0,
16795,1,47,1,150738,
16813,181,12,0,150579,
16846,2,81,0,150658,
16852,7,112,0,150609,
16853,0,38,0,150692,
16859,0,47,150691,0,
16877,0,49,150692,0,
16887,0,704,149999,0,
16889,149659,0,0,1073,
16912,0,196,0,150542,
16915,0,142,150606,0,
16929,150717,0,33,0,
16935,1,100,0,150647,
16952,0,79,150660,0,
16954,1,53,150693,0,
16968,32,866,0,149843,
16985,0,37,150713,0,
16993,28,150609,102,0,
16997,0,38,150705,0,
17004,0,87,150642,0,
17010,27,128,150576,0,
17012,0,83,150648,0,
17014,0,141,1,150597,
17019,0,1140,1,149579,
17058,3,33,0,150707,
17063,150580,0,0,170,
17069,3,56,150705,0,
17078,150695,0,0,78,
17091,0,150753,37,0,
17104,0,1572,149193,0,
17110,0,73,0,150715,
17119,73,24,150695,1,
17122,5,154,0,150627,
17125,5,237,150547,0,
17126,0,150622,167,0,
17135,1,88,150674,0,
17137,1,150661,96,0,
17163,0,67,150687,0,
17178,1,150653,1,69,
17179,0,77,0,150663,
17182,117,0,0,150633,
17192,150723,0,37,1,
17193,13,45,0,150702,
17201,0,150707,46,0,
17211,0,48,0,150714,
17247,0,149030,1715,7,
17249,0,47,150729,0,
17259,2,67,0,150712,
17274,1,32,150747,0,
17278,0,405,1,150371,
17280,3,43,2,150730,
17285,0,95,150682,0,
17288,0,34,150730,0,
17302,0,112,0,150654,
17304,0,147,150538,0,
17331,0,38,1,150725,
17334,16,43,0,150707,
17337,150105,1,0,662,
17338,5,31,0,150737,
17339,0,61,150709,0,
17373,0,56,150714,0,
17403,0,34,150746,0,
17410,8,337,150427,0,
17427,7,187,0,150588,
17443,1,52,0,150702,
17470,0,147,150590,0,
17491,0,55,150682,0,
17502,0,70,150659,0,
17518,0,112,150602,0,
17523,0,48,1,150695,
17550,0,193,150263,0,
17561,35,4,0,150396,
17562,2,38,0,150402,
17573,13,31,150399,0,
17590,3,34,0,150411,
17615,150379,0,0,63,
17637,150400,4,1,35,
17639,0,804,149631,0,
17649,0,38,150398,0,
17658,1,45,1,150394,
17671,4,34,0,150345,
17676,0,116,150332,0,
17678,0,230,150210,0,
17679,7,38,0,150407,
17688,0,150424,34,0,
17690,0,261,150184,0,
17721,7,162,0,150301,
17722,2,56,0,150418,
17733,0,64,150400,0,
17745,3,54,150141,0,
17746,0,112,150085,0,
17747,1,2520,147612,0,
17750,0,159,150029,0,
17762,0,42,150042,1,
17766,5,153,149934,1,
17790,3,259,0,150152,
17799,150351,0,0,73,
17808,2,87,2,150341,
17814,0,33,0,150418,
17822,0,37,150430,1,
17835,0,150381,81,1,
17850,0,527,149910,0,
17858,147856,0,0,2590,
17864,150380,0,0,39,
17877,0,150317,113,0,
17898,0,60,150364,0,
17934,50,25,150346,0,
17939,0,46,150376,0,
17944,11,104,0,150296,
17964,24,64,0,150317,
17977,4,79,150499,1,
17999,0,70,150703,0,
18002,44,4,0,150737,
18028,1,849,0,149921,
18029,0,100,150674,0,
18032,2,325,150450,0,
18040,1,33,0,150372,
18060,3,2722,147657,0,
18082,150412,0,0,31,
18083,1,150399,37,0,
18086,8,172,150246,0,
18090,41,3,1,150402,
18105,3,269,57,150146,
18110,0,43,150453,0,
18115,0,156,150329,0,
18129,0,157,150332,0,
18131,0,100,150391,0,
18141,150466,0,0,34,
18144,2,150384,111,0,
18149,0,72,0,150425,
18167,6,66,150432,0,
18175,0,35,150464,0,
18184,150462,1,0,42,
18186,0,62,2,150438,
18213,1,49,0,150452,
18252,1,91,150406,0,
18255,1,87,1,150405,
18267,1,36,150465,0,
18292,0,83,0,150697,
18312,1,36,150745,0,
18318,2,71,0,150593,
18348,1,111,150535,0,
18366,150346,0,0,321,
18377,0,135,150525,0,
18395,0,498,150171,0,
18398,0,150592,93,0,
18412,4,72,0,150601,
18421,0,48,150638,0,
18424,149698,0,0,993,
18452,0,82,150636,0,
18457,0,87,150626,0,
18462,12,57,1,150644,
18486,0,355,150347,1,
18488,0,150574,143,0,
18508,0,218,150485,0,
18526,0,64,150648,0,
18535,150658,0,2,71,
18538,2,79,0,150646,
18555,0,10188,140527,0,
18568,0,733,149982,0,
18570,1,102,150620,0,
18583,8,114,0,150594,
18647,0,100,150681,0,
18651,15,51,1,150507,
18652,0,41,150531,0,
18657,0,99,150459,1,
18662,0,1,239,150335,
18674,201,0,0,150450,
18687,0,118,150535,0,
18713,0,91,150580,0,
18723,0,150648,43,0,
18736,0,150037,661,0,
18744,0,317,150423,0,
18747,0,202,150545,0,
18756,10,117,1,150630,
18782,10,43,0,150716,
18788,1,671,150098,0,
18803,2,317,0,150461,
18814,0,64,150711,0,
18816,0,47,1,150732,
18818,150722,0,0,55,
18828,1,55,150719,0,
18859,0,572,0,150202,
18877,0,5778,144914,0,
18894,0,69,150709,0,
18898,1,108,0,150676,
18904,0,62,150723,0,
18907,1,50,0,150723,
18928,2,69,150706,0,
18972,39,63,0,150404,
18973,0,31,0,150483,
18978,150431,0,0,61,
18984,2,47,1,150455,
18985,0,79,0,150433,
18998,0,800,149729,0,
19009,1,136,0,150380,
19011,7,256,150286,0,
19017,0,468,150074,0,
19029,0,80,150488,0,
19032,0,70,150503,0,
19056,0,44,0,150535,
19072,2,94,0,150584,
19073,150631,0,1,46,
19086,3,66,0,150473,
19102,0,42,150650,0,
19117,1,31,0,150634,
19118,0,33,150626,0,
19140,0,88,150583,0,
19143,0,150638,41,0,
19145,0,121,150553,0,
19151,0,47,150625,0,
19154,0,53,150621,1,
19159,0,150423,0,241,
19164,1,81,150582,0,
19170,52,943,149640,0,
19175,150595,1,69,0,
19185,2,239,150418,0,
19186,0,46,150612,0,
19217,0,138,150542,0,
19254,4,243,0,150528,
19263,1,66,150697,0,
19264,0,78,150675,0,
19269,0,156,150588,0,
19273,2,31,150713,0,
19284,1,142205,61,0,
19308,132594,0,2,69,
19366,0,54,132313,1,
19374,0,203,132212,0,
19402,0,74,132975,0,
19454,0,35,133306,1,
19480,51,21,1,133099,
19484,0,32,132104,0,
19488,0,472,132923,1,
19509,627,1,0,132310,
19518,6,45,1,132809,
19524,0,1299,131410,0,
19525,21,39,0,132682,
19542,7,1982,1,130446,
19554,0,40,135108,1,
19572,0,37,148742,0,
19586,5,49,149223,0,
19602,1,79,149199,0,
19610,0,50,149257,0,
19648,6,282,0,149159,
19650,148846,0,0,643,
19655,149425,1,0,69,
19656,14,44,0,149403,
19662,0,46,149445,0,
19669,159,0,0,149331,
19677,5,291,1,149236,
19684,9,237,0,149296,
19718,0,2350,147200,0,
19732,2,241,0,149379,
19735,0,59,1,149573,
19763,1,71,149715,0,
19806,0,33,149896,0,
19810,149901,0,1,40,
19813,0,45,149924,0,
19816,13,204,0,149738,
19839,0,146454,3462,0,
19862,0,603,150052,0,
19872,2,97,4,150607,
19884,1,78,150626,0,
19891,6,47,0,150662,
19893,0,150380,331,0,
19895,0,42,150675,0,
19946,148305,0,1,55,
19947,12,65,0,148258,
19951,2,32,148335,0,
19955,9,50,148322,2,
19960,147873,0,0,520,
19961,5,46,148343,0,
19962,17,152,4,148204,
19969,54,2,0,148334,
19983,0,136,148124,0,
19999,3,121,3,148283,
20002,2,41,0,148373,
20005,38,3,0,148367,
20006,5,31,1,148434,
20031,76,43,148218,0,
20037,0,148340,64,0,
20049,1,148381,47,0,
20055,148198,0,0,180,
20102,2,47,1,148038,
20104,0,43,148057,0,
20131,108,7,2,147709,
20132,0,118,147695,0,
20133,0,51,147775,0,
20134,6,222,0,147591,
20148,0,163,147533,0,
20163,147446,0,0,42,
20176,1,103,0,147368,
20178,0,304,147056,0,
20199,0,48,148204,0,
20233,2,224,148747,0,
20235,5,45,148847,0,
20238,1,51,0,148859,
20255,148573,0,3,106,
20262,148476,1,0,81,
20268,139227,0,0,9267,
20270,0,330,148294,0,
20273,2,148580,31,0,
20274,3,53,0,148517,
20275,79,49,0,148507,
20284,148586,55,0,7,
20285,1,148584,53,3,
20288,148595,1,41,30,
20302,32,0,0,148887,
20316,0,48,148940,0,
20320,0,32,148984,0,
20355,149351,0,0,64,
20368,3,36,149402,0,
20374,149372,0,0,43,
20384,0,61,149372,0,
20389,0,44,149380,0,
20402,0,32,149253,0,
20405,1,37,149259,0,
20427,39,149048,0,1,
20428,1,35,149056,2,
20429,14,115,148929,0,
20433,53,16,0,149027,
20451,1,300,148590,0,
20465,148670,0,1,34,
20474,0,187,148693,0,
20477,2,32,1,148858,
20480,0,59,149180,0,
20484,1,149601,2,71,
20489,1,37,0,149635,
20526,0,150588,35,0,
20553,149711,0,0,42,
20555,2,93,149604,0,
20559,149635,0,2,45,
20568,35,12,0,149627,
20569,6,57,0,149612,
20578,0,392,0,149160,
20580,1,289,0,149263,
20594,0,58,149522,0,
20599,149505,0,80,2,
20611,0,39,149571,0,
20616,0,37,0,149645,
20622,149239,436,0,1,
20623,1,448,0,149227,
20624,149243,436,0,0,
20628,2,62,149630,0,
20629,1,36,149646,0,
20661,0,149267,468,0,
20679,29,78,0,149679,
20703,0,124,149689,0,
20709,1,95,0,149720,
20718,0,40,0,149780,
20719,0,66,149750,0,
20736,6,44,149770,0,
20740,125,0,149695,0,
20742,149644,3,161,10,
20755,149607,1,205,2,
20759,0,312,149497,0,
20762,0,355,149462,0,
20799,0,149508,408,0,
20823,1,100,150659,0,
20844,1,57,150682,0,
20930,0,42,150648,0,
20931,39,131,0,150519,
20936,0,32,150659,0,
20940,1,37,0,150653,
20946,0,261,150426,0,
20949,0,150655,39,1,
20952,150656,0,0,39,
20980,124,3,1,150551,
20991,8,46,3,150613,
20995,2,31,0,150632,
21005,0,76,150585,0,
21034,1,95,150559,1,
21057,0,79,150578,0,
21058,1,177,150468,0,
21077,1,54,150536,0,
21080,150664,0,6,31,
21093,0,150419,313,0,
21099,0,38,0,150690,
21110,0,82,150674,0,
21123,1,175,1,150426,
21137,150249,0,0,447,
21146,80,150488,2,5,
21147,24,148987,32,0,
21149,33,0,0,149024,
21151,0,44,0,148990,
21158,0,148635,252,1,
21191,0,36,144284,0,
21193,2,42,0,144304,
21204,0,161,0,144280,
21207,0,36,144557,0,
21209,0,144577,42,0,
21212,31,0,0,144625,
21220,2,100,0,144505,
21222,144585,68,0,4,
21242,0,150,144931,0,
21255,7,99,11322,133750,
21268,4,33,0,145240,
21294,46,145257,2,0,
21295,47,60,0,145189,
21296,53,0,0,145255,
21302,16,282,144761,0,
21304,400,963,143678,0,
21305,366,0,0,144727,
21306,0,85,144969,0,
21323,145121,0,0,38,
21334,0,54,0,144733,
21364,1,76,144782,0,
21365,0,32,145132,1,
21369,2,145587,132,1,
21372,2,49,2,145954,
21405,149340,45,0,3,
21438,0,34,0,149263,
21452,2,37,0,148900,
21468,19,150,0,148821,
21516,0,167,149164,0,
21518,2,36,0,149292,
21538,157,39,0,149169,
21549,0,31,149375,0,
21550,149224,0,123,0,
21551,149219,127,1,5,
21556,149605,0,1,31,
21570,0,149540,0,70,
21575,1,1697,147786,0,
21578,3,61,0,149601,
21595,1,81,149593,1,
21597,0,102,149607,1,
21600,6,47,0,149656,
21614,1,5885,143714,0,
21618,5,38,149587,3,
21621,1,68,149566,0,
21622,10,166,149449,0,
21624,25,1301,23,148269,
21625,149590,0,1,36,
21627,48,77,149507,0,
21635,5,232,149349,0,
21637,2,2316,147293,0,
21638,3,87,149522,0,
21639,3,244,149375,5,
21641,32,91,0,149511,
21642,1,40,149607,0,
21644,0,149559,75,2,
21646,0,105,149531,0,
21648,0,262,149366,1,
21658,0,80,149462,5,
21660,3,41,149627,1,
21666,1,47,0,149869,
21676,0,34,149944,1,
21682,0,31,149942,0,
21691,2,83,150585,1,
21707,1,337,150300,0,
21711,0,41,150599,0,
21714,0,78,150576,0,
21717,150560,35,0,0,
21721,0,96,150507,0,
21724,121,504,5,149950,
21727,0,90,150496,0,
21736,0,56,150405,0,
21742,0,68,150361,0,
21761,5,33,0,150438,
21762,0,56,150420,0,
21767,0,41,149610,2,
21770,7,62,0,149582,
21772,11,154,150333,0,
21773,0,150454,49,0,
21778,47,4,0,150447,
21780,3,54,150451,0,
21781,1,32,150467,0,
21786,19,78,3,150411,
21789,0,83,150430,0,
21800,10,585,0,149918,
21802,1,150453,76,0,
21808,48,150468,7,1,
21811,5,71,150451,3,
21812,12,66,150453,0,
21830,0,53,20,150451,
21846,2,156,150346,0,
21850,70,25,0,150443,
21855,0,599,149936,0,
21859,1,87,150456,0,
21867,0,89,0,150458,
21893,57,0,1,150446,
21911,2,38,150441,0,
21917,150417,0,0,44,
21925,0,150303,141,1,
21952,0,176,150212,2,
21974,0,81,63,150291,
21976,0,150409,40,0,
21998,4,247,150306,0,
22000,8,73,150493,1,
22014,6,39,1,150442,
22017,1,44,0,150430,
22020,1,150419,63,0,
22021,41,145,2,150283,
22051,4,123,2,149885,
22053,149993,0,34,3,
22075,0,183,149958,0,
22088,3,221,149950,0,
22093,37,6,5,150065,
22104,0,43,13,150036,
22120,11,33,149974,0,
22127,0,91,150015,0,
22131,7,61,0,150035,
22151,149960,0,0,83,
22155,149973,1,1,57,
22162,0,149688,289,0,
22199,0,159,0,149950,
22201,4,55,0,150040,
22203,4,73,0,150010,
22205,1,55,203,149826,
22206,150023,26,0,51,
22207,0,150059,32,1,
22208,1,33,150058,0,
22216,1,42,0,150016,
22220,1,150009,43,0,
22224,0,71,149980,1,
22225,19,259,3,149769,
22227,0,11699,138308,0,
22252,149917,37,0,9,
22255,149733,223,2,2,
22264,0,104,149865,0,
22291,1,150211,38,0,
22295,0,59,150298,0,
22315,0,150160,33,0,
22320,149565,0,2,588,
22323,1,148,150008,1,
22326,0,258,142818,0,
22329,0,41,142937,0,
22332,37,17,0,142691,
22335,1,82,3,141891,
22344,8,257,0,136116,
22346,7,602,1,135748,
22377,0,429,135933,0,
22388,0,1925,134185,0,
22404,136489,66,0,0,
22427,36,4,1,137852,
22432,0,65,137852,1,
22444,4,1912,134937,0,
22450,1,207,136825,6,
22458,0,48,137110,0,
22468,28,345,0,136817,
22477,0,135,137137,0,
22480,0,1651,135611,0,
22482,7,72,137228,0,
22484,1,64,4,137182,
22487,1,0,37,137267,
22498,0,83,137136,0,
22520,44,4,0,137165,
22525,142950,0,1,58,
22530,0,68,144059,1,
22550,0,97,150404,5,
22570,0,34,150485,0,
22583,33,0,0,150491,
22591,0,100,150430,0,
22592,6,65,0,150456,
22606,150474,32,1,20,
22624,5,59,150447,0,
22627,54,0,0,149891,
22661,10,78,6,149332,
22706,0,94,1,149717,
22708,10,49,3,149740,
22713,0,50,149753,0,
22747,1,41,149739,0,
22801,3,68,2,149715,
22825,0,150602,52,0,
22843,0,150572,77,0,
22858,2,194,150491,0,
22879,1831,6,147215,0,
22894,55,7,0,149076,
22918,1,83,0,147034,
22927,0,31,0,147094,
22987,4,110,147218,1,
22992,9990,59,1,137276,
22993,6,32,147247,15,
22995,10,108,147169,0,
22997,0,104,147219,0,
23009,3,43,3,147167,
23010,0,147178,48,0,
23015,1,0,35,147197,
23029,0,71,147124,0,
23042,0,147123,72,1,
23063,146873,93,0,0,
23086,0,117,146658,0,
23114,3,53,146369,0,
23120,0,125,0,146326,
23126,1,58,2,146703,
23127,0,93,146705,3,
23148,150739,6,1,36,
23185,0,311,150454,0,
23191,0,447,150333,0,
23202,5,33,150746,0,
23207,150713,0,0,75,
23224,2,60,0,150728,
23230,3,59,150719,0,
23236,1,44,0,150733,
23248,0,125,150651,0,
23255,0,150751,32,2,
23277,1,138,150639,3,
23280,1,41,150741,0,
23282,0,230,3,150545,
23287,7,150738,40,3,
23311,0,186,213,150375,
23320,2,34,150746,1,
23373,0,39,150746,0,
23401,9915,64,1,140806,
23403,18618,1,0,131979,
23416,150716,72,0,2,
23422,1,59,150714,0,
23426,8,377,9,150380,
23429,0,39,0,150747,
23438,0,150,0,150636,
23439,0,58,150733,0,
23457,197,2,150592,0,
23481,0,111,150673,0,
23501,3,67,1,150670,
23525,0,337,150248,0,
23533,0,42,150551,0,
23536,5,66,150535,0,
23548,0,150460,141,0,
23557,0,234,150344,0,
23575,0,125,150461,0,
23586,150436,0,0,175,
23587,10,105,109,150383,
23593,1,225,31,150348,
23604,123,75,150419,2,
23608,9,56,6,150535,
23611,17,55,0,150536,
23613,1,35,150586,0,
23621,10,173,0,150439,
23625,0,368,150247,0,
23635,2,152,150451,2,
23638,0,113,150490,0,
23644,3,157,150464,0,
23655,0,209,150404,0,
23664,0,107,150507,0,
23683,0,72,150533,0,
23695,20,150503,76,0,
23707,0,703,149868,0,
23709,0,68,150512,0,
23730,0,441,150146,0,
23731,0,5516,145012,0,
23755,0,42,3,150537,
23756,150543,0,0,44,
23758,2,50,150516,2,
23802,1,36,150687,0,
23849,0,150620,47,1,
23854,0,61,150583,0,
23856,11,35,0,150517,
23868,0,199,8,150415,
23873,1,54,0,150552,
23876,91,7,1,150545,
23895,1,86,150542,0,
23896,0,47,150575,0,
23900,0,0,83,150537,
23929,0,1506,149013,0,
23947,150508,0,0,75,
23986,0,150561,56,6,
23992,150545,81,0,0,
23996,0,39,150574,0,
23997,3,85,150521,1,
24014,150565,0,0,52,
24023,4,126,150469,6,
24026,2,206,150415,0,
24034,0,907,149738,1,
24038,17,50,0,150555,
24047,129,3,0,150547,
24054,0,36,150631,0,
24063,0,150640,32,5,
24076,24,150153,513,0,
24077,4,364,0,150314,
24088,0,149749,965,0,
24095,9,111,0,150599,
24096,8,47,150667,0,
24098,0,108,0,150615,
24099,1,82,150647,2,
24102,155,4,11,150582,
24106,0,69,150695,0,
24129,150698,0,0,49,
24130,3,114,150616,0,
24138,49,106,150578,1,
24193,8,66,59,149940,
24197,22,340,0,149703,
24199,0,38,2,150038,
24202,0,149980,103,0,
24232,150012,1,1,85,
24236,0,41,0,150053,
24253,150132,91,0,1,
24328,51,18,22,150118,
24334,0,1971,148205,0,
24348,1,24,53,150138,
24351,0,93,150116,0,
24368,3,887,31,149280,
24370,1,81,150121,0,
24374,9,48,150149,0,
24378,1,225,149972,0,
24381,0,55,150145,0,
24382,0,80,150112,1,
24386,5,34,0,150165,
24442,1,34,150744,0,
24499,0,150688,37,0,
24502,42,17,150674,0,
24532,150702,0,0,32,
24535,2,38,0,150683,
24550,31,0,0,150694,
24586,1,250,1,150464,
24620,1,111,0,150602,
24621,2,94,150613,0,
24642,0,38,150661,9,
24694,150296,421,1,1,
24700,34,9,150681,1,
24718,190,6,150537,0,
24739,0,150699,96,0,
24751,1,38,0,150759,
24757,0,47,2,150747,
24764,24,315,0,150455,
24769,0,150641,136,0,
24770,5,43,0,150733,
24781,6,421,4,150343,
24794,12,146,0,150606,
24795,0,54,150714,0,
24796,0,150739,32,0,
24805,0,150726,41,0,
24812,0,225,2,150536,
24821,1,67,0,150692,
24844,106,16,150652,0,
24862,150385,2,1,383,
24863,1,40,150729,0,
24865,2,117,150651,0,
24872,18,82,6,150660,
24897,0,32,150731,0,
24904,1,164,150583,0,
24910,0,149923,826,0,
24912,0,99,150561,0,
24919,0,44,150712,0,
24922,150719,1,0,46,
24923,0,150637,123,0,
24926,1,113,0,150647,
24928,0,31,0,150736,
24933,1,141,0,150348,
24982,0,143733,434,0,
24992,1,0,61,150704,
24998,2,26,62,150668,
25000,6,208,150544,0,
25006,0,105,150656,0,
25019,1,31,1,150733,
25046,1,72,150693,5,
25047,4,86,150655,12,
25049,0,768,1,149998,
25062,3,729,0,149969,
25088,0,366,0,150297,
25096,0,192,150467,1,
25111,91,150587,0,0,
25121,150563,115,0,2,
25135,0,60,6,150479,
25166,2,0,42,150638,
25169,0,31,150643,0,
25186,2,67,0,150616,
25207,0,213,150435,0,
25217,9,186,0,150424,
25218,0,119,1,150510,
25222,0,150595,35,0,
25243,150586,0,0,33,
25244,2,139,9,150461,
25248,0,150577,46,0,
25249,0,103,6,150502,
25266,0,85,0,150533,
25267,0,60,150558,0,
25272,0,150426,200,1,
25273,1,55,11,150549,
25275,1,64,150560,0,
25276,1,67,150548,0,
25290,0,44,0,150573,
25302,13,67,0,150651,
25311,3,51,0,150677,
25314,0,113,0,150623,
25316,0,150669,73,0,
25317,1,50,150685,0,
25318,2,45,150694,0,
25320,1,226,0,150507,
25321,0,32,150707,0,
25327,150699,0,1,31,
25339,0,54,150679,0,
25350,2,745,149912,0,
25352,1,53,1,150524,
25354,4,36,0,150647,
25413,0,86,150607,0,
25416,0,31,150665,0,
25429,6,2025,2,148621,
25433,0,430,150259,0,
25437,0,148,4,150533,
25440,26,124,2,150562,
25444,21,51,0,150642,
25445,11,78,2,150624,
25451,0,150672,77,0,
25452,0,136,150612,0,
25455,5,95,1,150649,
25456,2,53,0,150704,
25459,5,138,0,150606,
25460,0,193,150569,0,
25466,29,59,150672,0,
25468,0,150690,11,63,
25469,0,43,150709,0,
25471,2,123,55,150574,
25473,0,150675,83,1,
25485,1,150715,44,0,
25487,0,59,150701,2,
25489,5,94,0,150656,
25494,5,608,0,150131,
25496,3,150713,36,0,
25500,34,64,1,150656,
25505,150173,5,61,499,
25511,0,95,150621,0,
25513,5,57,150662,0,
25517,5,49,150650,3,
25521,22,177,150392,0,
25523,2,158,0,150562,
25528,1,478,150252,0,
25537,65,15,0,150654,
25538,4,52,1,150676,
25546,29,92,150611,0,
25549,1,373,150347,0,
25550,31,150696,0,0,
25552,11,735,2,149960,
25553,0,63,150658,1,
25555,1,72,0,150634,
25563,19,34351,28,116147,
25565,235,38,0,150459,
25566,0,31,150694,0,
25567,45,0,0,150682,
25572,2,230,150492,0,
25575,150629,2,103,0,
25578,1,60,150669,4,
25580,1,150683,56,0,
25584,3,103,150625,0,
25585,2,36,150696,0,
25587,5,106,150579,15,
25593,2,29,54,150639,
25595,8,68,4,150639,
25598,0,65,1,150660,
25599,0,61,1,150658,
25603,0,106,150611,0,
25606,1,213,2,150487,
25611,10,41,150686,0,
25613,0,67,150669,0,
25614,24,597,150113,0,
25617,5,1367,0,149355,
25621,2,44,1,150654,
25624,3,299,150436,0,
25626,1,62,150675,3,
25641,0,169,7,150578,
25642,3,31,150718,0,
25644,7,74,0,150670,
25647,5,78,9,150007,
25650,0,76,0,150011,
25654,3,56,1,150038,
25655,1,150053,55,0,
25658,1,144,149929,0,
25660,2,62,19,149990,
25663,5,149998,64,0,
25665,0,157,149871,0,
25667,0,67,149921,0,
25669,0,256,149158,1,
25677,3,39,0,149409,
25687,69,118,0,149245,
25688,16,501,148912,0,
25690,8,139,1,149289,
25691,1,55,0,149373,
25692,2,56,149363,0,
25693,1,53,149362,4,
25694,4,149299,106,10,
25699,103,71,4,149142,
25703,1,356,149066,1,
25708,1,88,149322,0,
25710,1,1274,148128,1,
25711,1,149350,60,1,
25714,1,437,148982,6,
25720,2,332,1,149109,
25721,1,33,149423,1,
25726,1,88,1,149369,
25728,1,156,149313,0,
25731,0,227,149239,0,
25757,4,35,0,149521,
25767,0,33,3,149477,
25775,0,43,1,149620,
25776,0,35,0,149633,
25777,0,52,149605,0,
25782,2,80,149572,0,
25783,0,149583,75,1,
25784,0,44,10,149603,
25785,2,282,7,149364,
25791,0,52,149614,0,
25793,19,100,0,149544,
25798,149600,0,0,66,
25800,149657,81,0,1,
25801,149654,80,3,0,
25819,103,9,0,149574,
25831,0,87,149471,0,
25836,0,32,149539,0,
25844,0,188,149397,1,
25855,1,136,16,149360,
25859,149503,0,0,52,
25864,149489,0,0,60,
25878,0,149292,131,0,
25879,133,43,1,149246,
25881,149283,132,0,0,
25886,0,155,149234,1,
25889,1,358,149043,0,
25904,0,259,149202,0,
25906,1,127,489,148849,
25907,10,1011,0,148450,
25910,149359,5,1,206,
25912,0,82,0,149987,
25916,0,246,149857,0,
25917,150121,0,0,40,
25919,0,122,150026,0,
25922,1,48,0,150127,
25936,0,36,150610,0,
25947,8,422,107,150162,
25948,150675,0,0,54,
25956,0,150685,40,0,
25958,150694,1,0,34,
25963,32,1,0,150686,
25970,0,58,0,150231,
25971,45,5,0,150240,
25974,150211,0,0,69,
25976,84,3,150156,0,
25979,0,1739,0,148544,
25986,150235,55,0,2,
25987,1,43,0,150234,
25996,15,551,3,149453,
26010,0,50,150003,0,
26013,2,119,149840,86,
26022,0,59,149984,3,
26028,0,148,149907,0,
26029,243,0,149806,0,
26058,0,121,149956,0,
26060,0,2031,148026,0,
26062,2,245,5,149820,
26065,2,37,1,150060,
26066,0,150039,35,0,
26078,0,93,150021,0,
26088,0,414,149711,0,
26094,0,150098,32,0,
26109,3,44,1,150080,
26110,0,94,150027,0,
26111,4,95,150020,0,
26124,0,31,150089,0,
26139,0,60,150055,0,
26143,32,6,0,150078,
26144,4,5329,0,144705,
26149,0,150070,43,0,
26151,4,382,149718,0,
26152,35,81,1,149989,
26158,0,36,0,149927,
26160,2,149832,91,0,
26162,149732,0,0,305,
26171,34,150026,3,0,
26173,2,41,0,150021,
26183,149986,0,0,86,
26187,0,150032,39,0,
26195,1,53,150010,0,
26198,0,46,150139,0,
26199,6,50,0,150137,
26211,0,76,1,150259,
26217,3,66,1,150190,
26227,34,29,0,150709,
26228,0,68,150709,0,
26230,1,41,1,150734,
26233,2,218,0,150559,
26256,1,319,150458,0,
26257,12,37,3,150720,
26270,0,115,150650,0,
26305,3,40,150661,0,
26313,0,238,150430,0,
26314,34,8,1,150636,
26319,150205,15,0,445,
26333,0,63,150578,0,
26340,2,71,150544,0,
26389,0,80,0,150557,
26408,0,57,150570,0,
26424,2,150187,439,0,
26428,1,76,0,150510,
26433,150565,1,3,69,
26439,16,40,0,150577,
26447,5,275,150294,16,
26450,13,104,0,150486,
26455,0,207,150381,0,
26456,2,87,150483,0,
26458,1,68,20,150499,
26461,4,138,150426,5,
26464,31,418,150130,2,
26469,8,8,150554,36,
26497,0,150492,65,0,
26501,3,36,0,150532,
26504,0,150532,45,0,
26526,3,337,2,150251,
26527,0,281,150312,0,
26530,149807,2,1,737,
26534,0,45,150601,0,
26542,2,47,150610,0,
26566,150648,0,0,37,
26571,314,88,150262,0,
26589,4,106,32,150532,
26606,0,140,150552,0,
26607,0,48,150647,0,
26609,5,150382,316,0,
26615,1,68,0,150630,
26622,0,34,150670,0,
26625,1,223,150480,0,
26645,1,341,150370,0,
26660,11,45,0,150671,
26664,150681,0,0,50,
26677,0,150691,46,0,
26681,0,664,150036,0,
26690,3,396,0,150343,
26700,0,190,0,150554,
26727,0,31,0,150726,
26729,0,150087,667,0,
26730,54,156,14,150520,
26735,0,4098,146597,0,
26746,0,39,0,150719,
26750,3,70,150684,0,
26759,150655,105,1,2,
26760,150695,68,0,0,
26768,0,50,150689,0,
26769,6,57,0,150697,
26779,0,79,7,150667,
26801,4,243,139003,11405,
26822,0,58,150687,0,
26828,5,95,0,150652,
26840,20,36,0,150708,
26846,0,53,150708,0,
26849,1,54,4,150704,
26858,0,105,150664,0,
26864,150718,6,0,61,
26873,0,124,150625,0,
26876,0,149642,1119,0,
26882,1,95,150675,1,
26885,0,204,150563,1,
26894,0,91,150482,2,
26895,1,254,150306,2,
26907,23,49,150528,7,
26918,11,268,1,150268,
26927,150472,1,0,85,
26936,0,169,150396,0,
26942,0,37,150541,0,
26947,0,40,150535,0,
26951,71,126,43,150319,
26972,0,149727,845,0,
26984,0,40,150554,0,
27002,0,68,150532,0,
27005,2,68,150526,2,
27024,150480,0,124,1,
27046,0,1125,149481,0,
27059,0,780,149830,0,
27092,0,44,150563,0,
27110,0,69,150539,0,
27125,0,150575,31,0,
27128,1,91,150508,0,
27131,0,40,150561,0,
27143,2,88,150513,0,
27145,1,35,150565,0,
27147,0,150,18,150427,
27208,0,33,150641,0,
27212,1,150477,209,0,
27213,0,142,150517,5,
27217,54,13,0,150638,
27247,1,86,150593,0,
27261,10,47,0,150601,
27264,0,150499,2,94,
27281,1,209,0,150343,
27294,0,142,150504,0,
27297,2,98,150550,0,
27299,0,150158,496,0,
27319,0,150450,177,0,
27342,0,150522,141,1,
27359,150655,1,0,36,
27364,0,47,7,150592,
27371,0,54,150607,0,
27382,1,50,67,150515,
27383,150583,54,0,1,
27384,0,149956,662,0,
27389,0,37,150623,0,
27390,3,26,66,150562,
27393,0,42,150613,0,
27406,3,35,150611,0,
27409,0,150463,189,1,
27415,130,45,0,150480,
27434,1,182,150434,0,
27441,1,40,1,150593,
27442,0,39,150594,0,
27455,150502,0,0,152,
27467,3,63,11,150589,
27476,0,139,150553,0,
27478,1,64,0,150639,
27483,0,150671,31,0,
27484,0,150654,49,0,
27493,0,37,150663,0,
27494,0,49,150645,0,
27499,0,150622,82,0,
27506,25,55,6,150537,
27509,10,89,150568,0,
27513,0,579,146748,0,
27532,8,100,142570,0,
27542,0,72,141782,0,
27549,2,36,141714,0,
27561,0,280,0,141528,
27577,1,81,141769,1,
27600,1,248,141621,0,
27602,1,36,0,141858,
27603,2,157,141742,0,
27609,141963,0,252,2,
27610,2,41,142074,1,
27621,10,50,0,141777,
27630,1,100,141690,0,
27632,1,391,3,141414,
27634,0,141748,64,0,
27635,0,217,141776,0,
27641,0,82,142135,0,
27644,2,36,142167,0,
27654,1,144,141986,193,
27658,142148,134,0,1,
27660,142108,1,4,146,
27669,142009,1,1,215,
27670,1,131,8,142110,
27673,26,38,142190,2,
27674,142234,45,1,0,
27679,0,163,142110,0,
27684,1,76,142136,1,
27688,0,40,142137,0,
27689,0,45,142231,0,
27703,0,108,0,141921,
27706,3,41,0,141989,
27707,1,50,142018,0,
27732,1,71,141871,0,
27739,2,46,141924,1,
27741,2,107,141841,1,
27752,0,93,141862,0,
27754,6,89,2,141819,
27755,141872,46,2,0,
27762,3,31,18,141882,
27765,0,55,141864,0,
27769,0,549,141369,4,
27785,0,142087,394,0,
27788,2,34,3,142430,
27798,3,57,0,144807,
27800,853,38,144058,0,
27804,0,437,145359,0,
27806,2,111,0,145788,
27807,0,60,145874,1,
27821,150379,0,0,82,
27841,0,266,0,149766,
27847,0,158,149805,0,
27849,1,39,149908,0,
27851,0,149913,32,0,
27852,2,97,0,149840,
27865,149480,406,0,1,
27866,403,149464,2,0,
27869,1,149807,59,1,
27870,2,32,2,149818,
27874,0,128,149725,0,
27875,0,149804,43,0,
27877,1,357,5,149476,
27879,1,60,149729,0,
27881,111,156,149535,0,
27882,17,4,51,149729,
27883,6,79,149720,0,
27889,1,35,149800,0,
27903,0,31,149779,0,
27915,69,52,1,149651,
27920,6,60,149708,0,
27922,1,149714,53,11,
27923,1,83,149712,0,
27925,19,67,149705,0,
27932,149763,0,0,41,
27944,0,8160,141606,0,
27945,6,291,149488,1,
27950,149772,0,53,2,
27955,50,3,0,149886,
27957,0,149800,140,0,
27964,0,5791,144154,0,
27967,1,99,2,149873,
27970,1,174,149801,2,
27972,4,109,149914,0,
27982,4,55,149988,0,
27987,5,219,1,149798,
27996,5,83,2,149900,
27998,4,54,149927,0,
27999,7,137,149835,0,
28000,0,58,149923,0,
28001,7,305,7,149650,
28003,2,35,13,149933,
28005,0,34,149931,6,
28009,0,149825,73,1,
28011,2,102,149787,1,
28027,6,121,12,149753,
28045,3,123,149711,1,
28048,2,60,6,149770,
28054,0,51,149779,0,
28065,149802,1,32,6,
28077,5,448,695,148531,
28079,3,61,0,149570,
28083,0,58,2,149891,
28086,22,223,1,149564,
28087,3,743,149100,3,
28093,43,317,149701,0,
28098,0,150060,71,4,
28099,0,105,150034,0,
28109,3,61,0,150287,
28133,150365,68,0,0,
28134,9,38,2,150383,
28144,0,144004,6389,1,
28153,0,82,150328,0,
28166,58,4,0,150364,
28167,67,0,0,150356,
28169,148091,0,0,2309,
28171,2,64,150359,0,
28178,1,45,1,150380,
28179,8,49,35,150340,
28183,33,27,0,150371,
28184,0,150384,42,0,
28185,47,2,150383,0,
28188,1,46,2,150383,
28193,0,51,0,150331,
28196,0,150386,42,0,
28198,0,66,0,150363,
28202,38,7,0,150386,
28203,0,150388,45,0,
28209,2,50,58,150314,
28221,1,205,9,150244,
28251,0,150531,35,32,
28253,12,487,149537,5,
28254,150473,12,56,15,
28256,12,165,150505,0,
28269,3,32,150696,0,
28280,1,35,22,150678,
28282,24,150663,50,0,
28290,1,78,150655,0,
28291,0,40,150693,0,
28292,48,0,150685,0,
28294,150689,4,43,0,
28300,0,183,49,150481,
28310,124,101,150498,0,
28311,1,2004,148643,8,
28312,0,86,150645,0,
28313,0,34,150688,2,
28320,0,31,150696,0,
28321,83,66,0,150578,
28325,16,57,0,150653,
28326,0,34,4,150657,
28332,1,31,150699,0,
28338,150551,0,0,177,
28344,63,48,150614,0,
28346,3,59,0,150610,
28347,35,4,0,150692,
28361,82,0,7,150639,
28368,222,10,0,150486,
28371,1,251,0,150456,
28373,3,215,0,150488,
28375,1,165,0,150545,
28376,27,66,0,150613,
28377,0,80,150627,1,
28378,38,274,100,150281,
28382,0,150601,107,0,
28391,16,194,150497,0,
28396,95,56,0,150549,
28432,0,38,150745,0,
28435,1,78,150702,0,
28436,0,77,0,150706,
28453,0,181,150565,1,
28458,150713,46,0,1,
28472,21,961,149734,0,
28473,84,9,150641,0,
28476,4,41,5,150666,
28487,235,0,21,150474,
28500,0,43,150697,0,
28507,0,44,150696,0,
28514,0,108,6,150617,
28519,1,39,150696,0,
28523,150631,0,0,110,
28528,0,35,150705,0,
28531,0,121,150611,0,
28541,9,36,0,150691,
28580,20,2050,8,148642,
28581,150701,1,0,38,
28603,0,264,150431,0,
28621,9,36,0,150689,
28628,2,100,4,150630,
28629,0,47,150697,0,
28638,28,31,150687,0,
28651,1,556,150172,0,
28655,50,329,10,150340,
28657,2,2580,148133,1,
28674,0,57,150671,1,
28677,1,56,150672,0,
28688,0,150258,481,1,
28690,3,182,2,150560,
28695,0,44,150706,1,
28703,24,88,51,150620,
28705,1,150727,58,1,
28706,1,218,150541,0,
28708,0,128,150649,8,
28711,0,150757,33,0,
28715,150747,38,0,2,
28720,1,102,150679,0,
28725,2,125,150651,0,
28727,0,74,0,150702,
28732,0,31,150746,0,
28739,0,92,0,150689,
28744,2,121,150637,0,
28747,3,50,0,150725,
28754,0,37,150737,1,
28756,0,150723,53,0,
28759,1,149849,270,0,
28763,49,0,0,150160,
28765,150162,2,0,38,
28770,1,36,150191,0,
28775,0,78,150037,0,
28792,149949,59,0,8,
28795,150047,0,0,56,
28808,4,47,0,150044,
28812,5,171,47,149886,
28817,7,248,0,149849,
28821,822,3,149298,0,
28826,0,91,150027,0,
28830,382,21,149714,0,
28833,0,403,149706,0,
28835,0,150107,34,0,
28836,0,949,149178,0,
28841,150049,0,0,81,
28842,3,724,0,149406,
28844,5,36,150110,1,
28845,13,64,0,150083,
28846,0,176,149980,0,
28849,1,290,149806,51,
28851,36,829,44,149217,
28854,0,6449,143637,0,
28857,41,136,10,149783,
28860,149974,15,1,154,
28863,0,1765,148319,1,
28866,0,91,150062,0,
28868,4,290,149761,0,
28869,9,1527,148614,0,
28875,5,34,0,150119,
28877,149919,202,0,6,
28878,451,9,182,149480,
28881,58670,79,0,90860,
28882,58551,37,0,91177,
28883,25,0,58552,91206,
28884,4,318,1,149698,
28887,0,900,149132,0,
28889,0,149882,167,0,
28890,0,168,149874,1,
28892,0,78,149966,0,
28893,12,88,149952,2,
28896,0,10,149757,275,
28899,93,261,56,149626,
28900,150004,0,47,5,
28903,8,269,7,149773,
28905,0,109,149966,0,
28907,2,106,0,149959,
28908,2,83,0,150036,
28917,6,48,0,150063,
28932,0,11439,138600,0,
28948,0,33,150070,0,
28957,0,50,150038,0,
28960,8,117,0,149970,
28961,0,252,149844,0,
28968,2,38,7,150039,
28975,11,522,1069,148466,
28977,0,441,149633,0,
28978,3,150034,45,0,
28985,11,81,0,149898,
29000,3,51,0,150124,
29013,6,93,150646,5,
29017,224,5,4,150507,
29025,0,91,150652,0,
29027,1,47,0,150685,
29032,57,1,1,150655,
29044,448,0,0,149871,
29073,0,146,150088,0,
29077,0,241,149981,0,
29081,4,44,2,150174,
29085,0,85,150156,0,
29090,0,33,0,150195,
29095,0,544,149672,0,
29119,0,60,150164,0,
29140,7,67,15,150131,
29144,0,177,150051,0,
29148,0,149700,532,0,
29149,0,68,150166,0,
29160,0,35,150214,0,
29167,0,290,149934,0,
29171,0,81,150129,0,
29179,16,309,0,149858,
29185,53,150139,1,0,
29188,150079,57,0,3,
29195,0,71,0,150100,
29197,1,44,150121,0,
29200,1,229,149914,0,
29203,0,31,150134,0,
29212,17,42,1,150083,
29218,0,98,150025,1,
29224,0,36,0,150099,
29227,27,1997,0,148103,
29239,49,8,1,150110,
29247,0,91,150075,1,
29249,1,42,150135,0,
29253,0,87,150070,1,
29254,76,194,0,149896,
29260,12,218,2,149950,
29272,0,133,150072,0,
29274,31,175,149973,4,
29281,1,39,150148,0,
29284,0,134,150049,0,
29296,0,164,150073,0,
29303,0,93,150248,0,
29304,0,42,150299,0,
29311,1,66,150333,0,
29315,2,37,70,150337,
29332,0,75,0,150676,
29347,0,64,150684,0,
29348,4,153,0,150514,
29353,0,256,150480,0,
29358,18,129,149946,0,
29364,3,64,149976,2,
29366,0,1151,148803,0,
29370,0,64,149885,50,
29374,45,6,0,149441,
29375,0,67,149423,4,
29384,2,44,1,149376,
29385,149373,8,1,43,
29386,15,478,148895,0,
29391,149342,0,0,65,
29392,2,48,8,149352,
29399,1070,3,0,148346,
29402,1,864,2,148529,
29403,149415,0,6,33,
29406,149416,1,36,1,
29409,2,140,149320,0,
29410,0,149426,42,0,
29415,0,31,149447,0,
29420,0,68,149401,0,
29421,4,371,149062,0,
29422,14,287,2,149148,
29425,13,47,0,149370,
29427,649,25,1,148725,
29434,0,10,35,149410,
29445,0,94,149364,0,
29449,0,152,6,149264,
29451,1,184,149258,0,
29464,4,149223,217,0,
29466,0,1981,147454,0,
29468,9,42,19,149365,
29474,1,368,0,149106,
29477,1,141,3,149320,
29500,149502,1,1,97,
29509,0,52,149619,0,
29511,7,85,1,149976,
29513,4,89,2,149980,
29518,0,300,149773,0,
29520,0,40,150022,0,
29521,150019,45,0,1,
29527,41,21,1,149953,
29530,4,48,149969,0,
29540,801,55,0,149163,
29541,0,132,149888,0,
29543,12,193,59,149748,
29545,21,61,149926,0,
29546,25,265,149715,0,
29553,760,17,0,149226,
29555,0,1114,148872,1,
29557,0,32,5,149961,
29567,149892,0,55,43,
29580,0,38,149937,0,
29585,0,199,149751,0,
29594,149916,63,0,0,
29607,0,149754,216,0,
29614,0,412,149510,0,
29616,4,104,2,149834,
29617,149689,0,0,252,
29625,0,203,149728,1,
29627,0,89,149835,0,
29628,3,36,25,149871,
29635,0,49,149885,0,
29640,0,111,149803,0,
29642,0,93,149813,0,
29645,2,11496,0,138365,
29648,0,52,2,149829,
29659,0,34,149811,0,
29666,4,49,148761,1,
29668,0,251,148524,0,
29672,0,148621,119,0,
29675,1,45,147424,0,
29679,0,33,147494,0,
29683,147216,224,1,4,
29685,5,147354,5,78,
29686,2,233,147158,2,
29688,4,110,3,146537,
29690,6,65,2,146604,
29692,0,295,2,146346,
29700,145522,1,0,699,
29701,58,50,0,146083,
29705,1,294,0,145789,
29706,12,215,5,145845,
29708,1,189,145881,0,
29711,3,341,7,145682,
29717,95,5,10,145880,
29719,41,20,145836,11,
29721,3,32,145909,0,
29722,0,32,146014,0,
29730,2,78,145022,3,
29732,6,49,145090,2,
29733,4,130,144935,3,
29734,48,59,2270,142685,
29736,11,157,25,144835,
29737,29,53,22,144842,
29738,5,69,144802,1,
29739,3,97,144767,3,
29741,2,48,144791,1,
29742,422,651,3,143679,
29743,9,121,144602,1,
29744,133,101,1,144473,
29745,35,309,4,144372,
29747,48,464,3,144100,
29750,1,630,143868,4,
29751,33,102,104,144284,
29753,2,144373,61,3,
29754,4,96,144212,2,
29755,40,72,6,144183,
29757,0,134,0,144181,
29759,1,52,0,144308,
29762,0,92,144314,11,
29764,18,81,2,144207,
29769,3,269,142973,0,
29771,141318,0,8,1896,
29773,2,156,0,142993,
29774,4,204,142899,2,
29777,1,396,0,142735,
29779,1,597,12,142913,
29781,2,193,5,142867,
29784,0,1090,141711,0,
29785,458,142146,6,0,
29805,139043,0,1,32,
29808,1,67,1,138792,
29810,10,183,3,138219,
29820,3,137836,60,1,
29827,137161,108,3,41,
29830,1,99,4,134542,
29835,3,116,133891,6,
29836,3,48,133907,1,
29837,10,39,60739,5,
29848,58,48429,3,3,
29850,48030,37,12,5,
29852,39041,43,5,3,
29853,43,12,4,38420,
29857,4,64,31283,3,
29858,10,30137,42,4,
29859,42,29691,13,15,
29860,31715,32,22,12,
29861,3551,53,18,27385,
29862,3726,29,33,26239,
29864,3928,18,23,24883,
29865,27717,19,22,45,
29866,27516,13,25,42,
29867,4215,18019,34,32,
29868,4656,39,56,17249,
29869,24161,85,42,32,
29870,5559,23,20369,27,
29871,27254,28,39,81,
29872,27045,27,13,81,
29873,26650,30,14,34,
29881,24816,14,17,31,
