,A,R,N,D,C,Q,E,G,H,I,K,M,F,L,P,S,T,W,Y,V
24,0,3965,0,0,25,0,0,0,0,0,0,0,0,0,0,1,0,0,0,0
27,0,0,0,0,0,0,0,0,0,2,0,0,12,3998,0,0,0,0,0,0
37,0,0,0,15,0,1,3996,1,0,0,1,0,0,0,0,0,0,0,0,0
57,0,0,0,0,0,0,3995,2,0,0,11,0,0,0,0,0,0,0,0,0
144,13,0,0,4000,0,0,0,0,0,1,0,0,0,0,0,0,0,0,0,0
207,0,3995,0,0,20,0,0,0,1,0,0,0,0,0,0,0,0,0,0,0
265,0,0,1,0,0,0,0,0,0,707,0,0,0,0,0,0,3304,0,0,0
300,0,0,0,0,0,0,0,0,0,3864,0,0,154,0,0,0,0,0,0,0
309,0,0,0,0,0,0,0,0,0,0,0,0,0,17,3988,9,0,0,0,0
318,0,0,0,0,0,0,0,0,0,0,0,0,0,16,0,3992,0,0,0,0
346,0,0,0,0,0,0,0,0,0,29,0,0,0,0,0,0,3984,0,0,0
378,0,0,0,0,0,0,0,0,0,33,0,0,0,0,0,0,0,0,0,3969
388,0,0,0,0,0,0,0,0,3989,0,0,0,0,0,0,0,0,0,14,0
417,0,1,0,0,0,0,0,0,3981,0,0,0,0,0,0,0,0,0,15,0
486,3994,0,0,0,0,0,0,0,0,0,0,0,0,0,0,0,0,0,0,16
519,0,0,0,1,2,0,0,3993,0,0,0,0,0,0,0,16,0,0,0,0
561,66,0,0,0,0,0,0,0,0,0,0,0,9,0,0,0,0,0,0,3929
610,0,0,0,0,0,0,0,0,0,0,0,0,0,18,0,3983,0,0,0,0
633,0,0,0,25,0,0,3973,0,0,0,1,0,0,0,0,0,0,0,0,0
665,0,0,0,0,0,0,0,0,0,19,0,0,0,0,0,0,0,0,0,3991
727,0,0,0,0,0,0,0,0,0,12,0,0,0,0,0,0,3983,0,0,0
737,0,30,0,0,0,0,1,0,0,0,3973,0,0,0,0,0,0,0,0,0
814,0,0,0,0,0,0,0,0,0,15,0,0,0,0,0,0,3943,0,0,0
891,0,0,0,0,0,0,0,0,0,12,0,0,0,0,0,0,3988,0,0,0
903,3980,0,0,0,0,0,0,0,0,0,0,0,0,0,0,0,1,0,0,22
944,0,0,0,0,0,0,0,0,0,0,0,0,0,14,1,3985,0,0,0,0
971,0,0,0,0,0,0,0,0,0,0,0,0,0,15,3994,3,0,0,0,0
989,0,0,0,0,0,0,0,3971,0,0,0,0,0,0,0,0,0,0,0,27
999,0,0,0,0,0,0,0,0,0,11,0,0,0,0,0,0,3980,0,0,0
1001,0,0,0,0,0,0,0,0,0,67,0,0,0,0,0,0,3927,0,0,0
1036,0,0,0,3967,0,0,26,0,0,0,0,0,0,0,0,0,0,0,0,0
1056,0,0,0,0,0,0,0,0,0,0,0,0,0,30,0,0,0,0,0,3964
1073,0,6,0,0,0,0,11,3996,0,0,0,0,0,0,0,0,0,0,0,0
1113,0,0,0,0,0,0,0,0,3960,0,0,0,0,0,0,0,0,0,45,0
1160,0,0,0,0,0,0,0,0,3974,0,0,0,0,0,0,0,0,0,17,0
1170,0,3979,0,0,16,0,0,0,0,0,0,0,0,0,0,0,0,0,0,0
1202,0,0,20,0,0,0,0,0,0,0,3965,0,0,0,0,0,0,0,0,0
1246,0,0,0,0,0,0,0,0,0,144,0,0,0,0,0,0,3843,0,0,0
1247,0,0,12,0,0,0,0,0,0,0,3975,0,0,0,0,0,0,0,0,0
1250,0,0,0,0,0,0,0,0,0,20,0,0,0,0,0,0,3982,0,0,0
1259,0,0,0,0,0,0,0,0,0,3985,0,0,0,0,0,0,0,0,0,17
1298,4001,0,0,0,0,0,0,0,0,0,0,0,0,0,0,0,0,0,0,12
1361,0,0,0,0,0,0,0,0,0,0,0,0,0,0,13,4001,0,0,0,0
1507,0,0,0,0,0,0,0,0,0,0,0,0,11,3995,0,0,0,0,0,0
1580,0,0,0,0,0,0,0,0,3970,0,0,0,0,0,0,0,0,0,15,0
1640,0,0,0,0,0,0,0,0,5,0,0,0,0,21,3943,7,0,0,0,0
1647,0,0,0,0,0,0,0,0,0,13,0,3971,0,0,0,0,0,0,0,0
1655,0,0,117,0,0,0,0,0,0,0,3864,0,0,0,0,0,0,0,0,0
1708,3903,0,0,61,0,0,0,0,0,0,0,0,0,0,0,0,0,0,0,0
1786,0,0,0,0,0,0,0,0,0,0,0,0,0,12,3988,1,0,0,0,0
1812,3955,0,0,32,0,0,0,0,0,0,0,0,0,0,0,0,0,0,0,3
1828,19,0,0,0,0,0,0,0,0,0,0,0,0,0,0,0,3971,0,0,0
1895,0,4,13,0,0,0,0,0,0,0,3978,0,0,0,0,0,0,0,0,0
1921,0,0,0,0,0,0,0,0,0,0,0,0,0,19,3976,8,0,0,0,0
1997,3980,0,0,0,0,0,0,0,0,0,0,0,0,0,0,0,0,0,0,29
2016,0,0,0,0,0,0,0,0,0,39,45,0,0,0,0,0,3925,0,0,0
2029,0,0,17,0,0,0,1,0,0,0,3990,0,0,0,0,0,0,0,0,0
2046,0,0,0,0,0,0,0,0,0,0,0,0,0,13,3985,4,0,0,0,0
2059,0,20,0,0,0,0,0,0,0,0,3982,0,0,0,0,0,0,0,0,0
2103,0,0,0,0,0,0,0,0,0,0,0,0,15,0,0,3988,0,0,0,0
2118,0,0,0,11,0,0,0,3994,0,0,0,0,0,0,0,0,0,0,0,0
2146,0,0,0,0,0,0,0,0,0,0,0,0,11,4000,0,0,0,0,0,0
2166,0,0,0,0,0,0,0,0,0,19,0,0,0,0,0,0,3990,0,0,0
2230,0,0,0,0,0,0,0,0,0,3880,0,0,0,0,0,0,61,0,0,0
2242,0,0,0,0,0,0,0,0,0,0,0,0,11,0,0,3929,0,0,0,0
2249,3929,0,0,0,0,0,0,0,0,0,0,0,0,0,0,0,0,0,0,11
2267,0,3972,0,0,0,0,0,18,0,0,0,0,0,0,0,0,0,0,0,0
2287,0,0,0,0,0,0,0,0,0,0,0,0,0,0,3940,11,0,0,0,1
2501,0,0,0,0,0,0,0,0,0,3905,0,0,1,0,0,0,67,0,0,1
2554,3964,0,0,0,0,0,0,0,0,0,0,0,0,0,0,0,0,0,0,12
2588,0,0,0,0,0,0,0,0,0,0,0,0,25,0,0,0,0,0,0,3992
2606,0,0,0,0,0,0,0,0,0,105,0,3910,0,0,0,0,1,0,0,0
2622,0,0,11,0,0,0,0,0,0,0,4003,0,0,0,0,0,0,0,0,0
2702,0,0,0,0,0,3966,0,0,27,0,0,0,0,0,0,0,0,0,0,0
2739,0,0,0,0,0,0,0,0,0,0,0,0,0,20,3962,3,0,0,0,0
2761,0,0,20,0,0,0,0,0,0,0,3963,0,0,0,0,0,0,0,0,0
2769,0,0,0,0,25,0,0,0,0,0,0,0,0,0,0,0,0,3953,0,0
2780,0,0,0,0,0,0,0,0,0,0,0,0,3962,14,0,0,0,0,0,1
2791,0,0,0,0,0,0,0,0,0,31,0,0,0,0,0,0,3933,0,0,0
2796,0,0,0,0,0,0,0,0,0,21,0,3901,0,17,0,0,0,0,0,0
2797,0,0,0,0,0,0,0,0,0,0,0,0,21,0,0,3930,0,0,0,0
2799,0,0,0,0,0,0,0,0,3892,0,0,0,0,0,0,0,0,0,25,0
2813,16,0,0,3899,0,0,0,0,0,0,0,0,0,0,0,0,0,0,0,0
2900,0,0,0,0,0,0,0,0,0,0,0,0,0,23,0,3992,0,0,0,0
2980,3,0,1,3990,0,0,1,17,0,0,0,0,0,0,0,0,0,0,0,0
2994,3975,0,0,0,0,0,0,0,0,0,0,0,0,0,0,0,0,0,0,15
3027,0,0,0,0,0,0,0,0,0,0,0,0,19,3962,0,0,0,0,0,0
3042,0,0,29,3955,0,0,0,0,0,0,0,0,0,0,0,0,0,0,0,0
3071,0,0,0,0,0,0,0,0,0,0,0,0,3966,0,0,0,0,0,18,0
3087,0,0,0,0,0,0,0,0,0,130,0,3879,0,0,0,0,0,0,0,1
3143,3979,0,0,0,0,0,0,0,0,0,0,0,0,0,0,0,0,0,0,19
3221,0,0,0,0,0,0,0,0,0,22,0,3985,0,0,0,0,0,0,0,0
3255,0,0,0,0,0,0,0,0,0,21,0,0,0,0,0,0,3990,0,0,0
3278,0,0,0,0,2,0,0,3863,0,0,0,0,0,0,0,143,0,0,0,0
3287,32,0,0,0,0,0,0,0,0,0,0,0,0,0,0,0,3981,0,0,0
3334,0,0,0,0,0,0,0,3945,0,0,0,0,0,0,0,39,0,0,0,1
3352,0,0,0,0,0,0,0,0,0,0,0,0,223,3765,0,0,0,0,0,0
3353,0,196,0,0,0,0,0,0,0,0,3785,0,0,0,0,0,0,0,0,0
3359,0,0,0,0,0,0,0,0,0,0,0,0,0,5,3954,27,0,0,0,0
3371,0,0,0,0,0,0,0,0,0,0,0,0,0,2,3990,18,0,0,0,0
3468,0,0,0,0,0,0,0,0,0,0,0,0,0,3928,0,0,0,0,0,83
3523,3982,0,0,0,0,0,0,0,0,0,0,0,0,0,0,0,0,0,0,14
3585,0,0,0,0,0,0,0,0,0,16,0,0,0,3982,0,1,0,0,0,0
3606,0,0,0,0,0,1,0,0,0,0,0,0,314,3675,0,0,0,0,0,0
3623,3967,0,0,0,0,0,0,0,0,0,0,0,0,0,0,21,0,0,0,0
3655,0,0,0,0,0,0,0,0,0,36,0,3974,0,0,0,0,0,0,0,2
3718,2,0,0,0,0,0,0,0,0,0,0,0,72,0,0,0,0,0,0,3932
3728,1,0,14,3993,0,0,0,0,0,0,0,0,0,0,0,0,0,0,0,0
3764,0,0,0,14,0,0,3993,2,0,0,0,0,0,0,0,0,0,0,0,0
3777,0,2,0,0,0,3997,0,0,11,0,0,0,0,0,0,0,0,0,0,0
3884,0,0,0,0,0,0,0,0,0,0,0,0,0,59,0,3956,0,0,0,0
3930,0,0,0,0,0,0,0,0,0,0,0,0,138,3873,0,0,0,0,0,0
3952,0,0,0,0,0,0,0,0,0,0,0,0,0,0,3995,18,0,0,0,0
3993,0,3990,0,0,17,0,0,0,0,0,0,0,0,3,0,0,0,0,0,0
4080,0,0,0,0,0,0,0,0,41,0,0,0,0,0,0,0,0,0,3963,0
4087,0,0,0,0,0,0,0,0,0,15,0,0,0,0,0,0,3989,0,0,0
4098,0,0,0,0,0,0,0,0,0,3981,0,0,0,0,0,0,0,0,0,20
4182,0,0,0,0,0,0,0,0,0,0,0,0,11,3993,0,0,0,0,0,0
4241,0,0,0,0,0,0,0,0,0,55,0,3952,0,0,0,0,0,0,0,0
4357,4006,0,0,0,0,0,0,0,0,0,0,0,0,0,0,0,0,0,0,11
4483,0,17,0,0,0,0,1,0,0,0,3992,0,0,0,0,0,0,0,0,0
4489,3964,0,0,0,0,0,0,0,0,0,0,0,0,0,0,0,0,0,0,45
4577,3888,0,0,0,0,0,0,0,0,0,0,0,0,0,0,123,0,0,0,6
4593,0,0,0,0,0,0,0,0,0,4006,0,0,0,0,0,0,0,0,0,12
4619,0,0,0,0,0,0,0,0,0,0,0,0,0,26,3987,3,0,0,0,0
4715,0,0,0,0,0,0,0,0,0,0,0,0,7,3623,356,0,0,0,0,0
4815,4000,0,0,0,0,0,0,0,0,0,0,0,0,0,0,0,0,0,0,13
4913,0,0,0,0,11,0,0,0,0,0,0,0,0,0,0,0,0,0,4006,0
5005,0,0,0,0,0,2,0,0,3998,0,0,0,0,0,0,0,0,0,16,0
5058,0,0,0,0,0,0,0,0,0,59,0,3958,0,0,0,0,1,0,0,0
5112,0,0,0,0,0,0,0,0,0,55,0,0,0,0,0,0,0,0,0,3962
5130,0,0,0,4002,0,0,0,0,0,0,0,0,0,0,0,0,0,0,17,0
5168,0,0,0,0,0,0,0,0,0,0,0,0,0,131,0,0,0,0,0,3883
5198,0,0,0,0,0,0,0,0,0,11,0,0,0,0,0,0,4008,0,0,0
5214,0,0,0,0,0,4003,0,0,16,0,0,0,0,0,0,0,0,0,0,0
5377,0,0,0,0,0,0,0,0,0,0,0,0,0,14,3992,3,0,0,0,0
5404,0,0,0,0,0,0,0,19,0,0,0,0,0,0,0,3994,0,0,0,0
5451,0,0,0,0,0,0,0,0,0,17,0,0,0,0,0,0,3988,0,0,0
5530,0,0,0,0,1,0,0,4000,0,0,0,0,0,0,0,0,0,0,0,11
5542,0,124,0,0,0,0,0,0,0,0,3890,0,0,0,0,0,0,0,0,0
5561,4001,0,0,0,0,0,0,0,0,0,0,0,0,0,0,0,1,0,0,12
5584,0,0,0,4001,0,0,0,0,0,0,0,0,0,0,0,0,0,0,13,0
5585,0,0,0,131,0,0,3881,0,0,0,1,0,0,0,0,0,0,0,0,0
5614,0,0,0,0,0,0,0,0,3947,0,0,0,0,0,0,0,0,0,70,0
5621,0,0,0,0,0,0,0,0,0,0,0,0,12,4007,0,0,0,0,0,0
5665,0,0,0,35,0,0,3979,0,0,0,0,0,0,0,0,0,0,0,0,0
5752,0,0,0,0,0,0,0,0,0,0,0,0,46,3970,0,0,0,0,0,0
5770,3997,0,0,0,0,0,0,0,0,0,0,0,0,0,0,11,0,0,0,0
5784,0,45,0,0,0,0,1,0,0,0,3941,0,0,0,0,0,0,0,0,0
5805,0,0,0,0,0,0,0,0,0,0,0,12,0,0,0,0,3994,0,0,0
5825,0,0,0,0,0,0,0,0,0,19,0,0,0,0,0,0,3985,0,0,0
5828,0,0,0,0,0,0,0,0,2,0,0,0,0,24,3957,4,1,0,0,0
5865,0,0,0,0,18,0,0,0,0,0,0,0,0,0,0,0,0,0,3964,0
5894,0,0,0,0,0,0,0,0,0,2,0,0,0,11,0,0,0,0,0,3974
5912,0,0,0,0,0,0,0,0,0,23,0,0,0,0,0,0,3993,0,0,0
5922,3956,0,0,0,0,0,0,0,0,0,0,0,0,0,0,57,0,0,0,4
5923,0,0,0,0,0,0,0,0,0,13,0,0,0,0,0,0,4003,0,0,0
5999,0,0,0,0,0,0,0,0,0,3990,0,0,0,0,0,0,0,0,0,16
6038,0,0,0,0,0,0,0,0,0,15,0,0,0,0,0,0,4000,0,0,0
6054,0,0,3814,200,0,0,0,0,0,0,0,0,0,0,0,0,0,0,0,0
6092,0,0,0,0,0,0,0,0,0,1,0,0,0,20,0,0,0,0,0,3993
6175,0,0,0,0,0,0,0,0,0,18,0,0,0,0,0,0,3997,0,0,0
6194,0,0,0,0,0,0,0,0,0,15,0,0,0,0,0,0,0,0,0,4002
6199,4006,0,0,0,0,0,0,0,0,0,0,0,0,0,0,11,0,0,0,0
6245,3996,0,0,0,0,0,0,0,0,0,0,0,0,0,0,0,1,0,0,19
6252,0,0,0,0,0,0,0,0,0,0,0,0,0,0,3985,31,0,0,0,0
6274,0,0,15,0,0,0,0,0,0,0,4002,0,0,0,0,0,0,0,0,0
6426,0,0,0,0,0,0,0,0,0,18,0,3720,0,0,0,0,0,0,0,0
6485,0,0,0,0,0,0,0,0,0,56,0,0,0,0,0,0,3947,0,0,0
6518,0,0,0,0,0,0,0,0,0,1,0,0,0,12,0,0,0,0,0,3994
6564,0,0,5,0,0,0,0,0,0,13,0,0,0,0,0,0,3928,0,0,0
6658,0,3911,0,0,0,0,0,0,0,0,0,0,0,0,0,16,0,0,0,0
6670,0,0,0,0,0,0,0,0,0,20,0,3863,0,0,0,0,12,0,0,0
6714,0,0,0,0,0,0,0,0,0,0,0,0,0,12,3884,9,0,0,0,0
6762,0,0,0,3974,0,0,0,0,0,0,0,0,0,0,0,0,0,0,12,0
6804,0,0,0,0,0,3956,0,0,0,0,0,0,0,29,0,0,0,0,0,0
6832,3967,0,0,0,0,0,0,0,0,0,0,0,0,0,0,0,0,0,0,23
6833,0,0,0,0,0,0,0,0,0,15,0,0,0,0,0,0,3976,0,0,0
6958,0,23,0,0,0,0,1,0,0,0,3981,0,0,0,0,0,0,0,0,0
7014,0,3666,5,0,193,0,0,0,7,0,0,0,0,0,0,0,0,0,0,0
7034,0,0,0,0,0,1,0,0,0,0,0,0,0,12,3819,22,0,0,0,0
7056,3924,0,0,0,0,0,0,0,0,0,0,0,0,2,0,0,0,0,0,12
7068,0,0,0,0,0,0,0,0,0,26,0,3915,0,1,0,0,0,0,0,0
7100,0,0,0,1,0,0,0,14,0,1,1,0,0,0,0,0,0,0,0,3934
7102,0,0,0,0,0,0,0,0,1,0,0,0,75,3876,2,0,0,0,0,0
7109,0,0,0,0,0,0,0,0,0,0,0,0,25,0,0,3933,0,0,0,0
7115,0,0,0,0,0,0,0,0,0,0,0,0,91,3866,0,0,0,0,0,0
7117,0,0,5,0,0,0,0,0,0,11,0,0,0,0,0,0,3937,0,0,0
7126,0,0,0,0,0,0,0,0,0,14,0,0,0,0,0,0,3937,0,0,1
7132,0,0,0,0,1,0,0,3942,0,0,0,0,0,0,0,0,0,0,0,14
7146,0,0,0,0,0,0,0,0,3995,0,0,0,0,0,0,0,0,0,14,0
7151,0,0,0,0,0,0,0,0,0,0,0,0,18,3979,0,0,0,0,0,0
7172,0,14,0,0,0,0,0,3975,0,0,0,0,0,0,0,1,0,0,0,9
7177,116,0,0,3867,0,0,0,1,0,0,0,0,0,0,0,0,0,0,16,0
7195,0,0,0,0,0,0,0,0,0,0,0,0,48,0,0,3954,0,0,0,0
7235,0,0,0,3962,0,1,0,0,10,0,0,0,0,0,0,0,0,0,19,0
7250,0,0,0,0,0,0,0,0,0,11,0,3961,0,0,0,0,27,0,0,0
7270,0,0,0,0,0,3979,0,0,0,0,11,0,1,4,1,0,0,0,0,0
7278,0,0,0,0,0,0,0,3961,0,0,0,0,0,0,0,0,0,0,0,19
7312,0,0,0,3870,0,0,0,97,2,0,0,0,0,0,0,0,0,0,5,5
7319,3744,0,0,0,0,0,0,0,0,0,0,0,0,0,0,1,6,0,0,232
7343,0,3962,0,0,0,5,0,0,0,21,0,0,0,0,0,0,0,0,0,0
7359,3593,0,0,0,0,0,0,0,0,0,0,0,0,0,0,18,0,0,0,0
7369,0,0,0,0,0,0,0,0,0,0,0,0,0,16,3594,0,0,0,0,0
7404,0,0,0,0,0,0,0,0,0,22,0,0,0,0,0,0,3614,0,0,0
7481,0,0,0,0,0,0,0,0,0,0,0,0,0,13,3972,0,0,0,0,0
7514,0,0,111,0,0,0,0,0,0,0,3893,0,0,0,0,0,4,0,0,0
7536,0,0,3894,0,0,0,0,0,0,0,69,0,0,0,0,0,0,0,0,0
7574,0,2,205,0,0,0,0,0,0,0,0,0,0,0,0,3698,0,0,0,0
7581,0,0,0,0,0,3,3697,0,0,0,203,0,0,0,0,0,0,0,0,0
7587,0,0,0,0,0,0,0,0,0,0,0,0,3883,0,0,19,0,0,1,1
7598,0,0,3691,0,0,0,1,0,0,0,0,0,0,0,0,0,23,0,174,0
7662,0,0,0,0,0,0,0,0,0,0,0,0,3990,24,0,0,0,0,0,0
7667,3951,0,0,63,0,0,0,0,0,0,0,0,0,0,0,2,0,0,0,0
7680,0,0,0,12,0,0,4003,0,0,0,0,0,0,0,0,0,0,0,0,0
7711,0,0,23,299,0,0,0,3690,0,0,0,0,0,0,0,0,0,0,0,0
7723,3997,0,0,0,0,0,0,0,0,0,0,0,0,0,0,20,0,0,0,2
7751,0,0,0,0,0,2,3985,0,0,0,12,0,0,0,0,0,0,0,0,3
7772,0,13,0,0,0,3944,0,0,45,0,2,0,0,0,0,0,0,0,0,0
7774,0,1,0,0,0,3960,0,0,38,0,2,0,0,0,3,0,0,0,0,0
7778,0,24,0,0,0,0,0,0,123,0,0,0,0,0,3857,0,0,0,0,0
7798,3836,0,0,0,0,0,0,0,0,0,0,0,0,0,0,0,0,0,0,168
7813,0,0,0,0,0,0,0,0,0,65,0,0,0,0,0,0,3937,0,0,0
7828,0,0,0,0,0,0,0,0,0,12,0,3988,0,0,0,0,0,0,0,0
7829,15,0,0,0,0,0,0,0,0,0,0,0,0,0,0,2,3985,0,0,0
7909,0,0,0,0,0,0,0,0,0,0,0,0,0,14,3991,7,0,0,0,0
7939,0,0,0,1,0,0,0,4005,0,0,0,0,0,0,0,11,0,0,0,0
8036,0,0,0,0,0,0,0,0,0,0,0,0,18,0,0,3988,0,0,0,0
8054,0,0,0,0,0,3985,0,0,0,0,0,0,0,29,0,0,0,0,0,0
8079,62,0,0,0,0,0,0,0,0,0,0,0,0,0,0,3950,0,0,0,0
8165,0,0,0,0,0,0,0,0,0,0,0,0,12,0,0,0,0,0,0,4006
8175,3991,0,0,0,0,0,0,0,0,0,0,0,0,0,0,16,4,0,0,7
8198,0,0,0,0,0,0,0,0,4006,0,0,0,0,0,0,0,0,0,13,0
8201,0,0,0,0,0,0,0,0,0,2,0,0,0,14,0,0,0,0,0,4003
8214,0,0,0,0,0,0,0,0,0,27,0,0,0,0,0,0,3991,0,0,0
8215,1,0,0,3948,0,0,0,0,62,0,0,0,0,0,0,0,0,0,7,0
8256,0,0,0,0,0,0,0,0,4000,0,0,0,0,0,0,0,0,0,19,0
8273,0,0,0,0,0,0,0,1,0,0,0,0,162,0,0,0,0,0,0,3842
8325,0,0,0,0,0,0,0,0,0,0,0,0,0,12,0,0,0,0,0,3999
8349,0,0,0,0,0,0,0,0,0,0,0,0,13,0,0,4003,0,0,0,0
8384,0,0,0,0,0,0,0,0,0,1,0,0,0,25,0,0,0,0,0,3991
8385,0,0,0,0,0,0,0,0,0,13,0,0,0,0,0,0,4004,0,0,0
8386,0,0,0,0,0,0,0,0,0,0,0,0,17,4000,0,0,0,0,0,0
8392,0,0,12,0,0,0,0,0,0,0,4006,0,0,0,0,0,0,0,0,0
8403,0,0,0,0,0,0,0,0,0,14,0,0,0,0,0,0,4004,0,0,0
8409,0,40,0,0,0,3973,0,0,0,0,0,0,0,1,3,0,0,0,0,0
8416,0,2,0,0,1,0,0,0,0,0,0,0,0,16,0,0,0,3994,0,0
8428,0,0,0,0,0,2792,0,0,1219,0,0,0,0,0,0,0,0,0,1,0
8429,0,0,11,0,0,0,0,0,0,2,0,0,0,0,0,4003,0,0,0,0
8443,4005,0,0,0,0,0,0,0,0,0,0,0,0,0,0,11,0,0,0,0
8448,0,0,0,0,0,0,0,0,0,1,0,0,12,0,0,0,0,0,0,4001
8449,0,0,0,0,0,1,0,0,3992,0,0,0,0,0,0,0,0,0,22,0
8459,0,0,0,0,0,0,0,0,0,0,0,0,0,11,0,0,0,0,0,3978
8470,3940,0,0,0,0,0,0,0,0,0,0,0,0,0,0,13,1,0,0,10
8481,3945,0,0,0,0,0,0,0,0,0,0,0,0,0,0,13,0,0,0,5
8497,0,3926,0,0,0,0,0,0,0,0,0,1,0,0,0,32,0,0,0,0
8502,0,0,0,0,32,0,0,0,0,0,0,0,0,7,0,0,0,3917,0,0
8522,2,0,0,0,0,0,0,0,0,44,0,0,0,0,0,0,3910,0,0,0
8526,0,0,0,3932,0,0,0,0,10,0,0,0,0,0,0,0,0,0,13,0
8537,0,0,0,0,0,0,0,0,0,0,0,0,0,17,0,3937,0,0,0,0
8542,0,0,0,0,0,0,0,0,0,0,0,0,0,116,0,3845,0,0,0,0
8543,0,38,0,7,16,0,0,3698,0,0,0,0,0,0,0,1,0,0,0,198
8545,0,0,0,11,13,0,0,3954,0,0,0,0,0,0,0,0,0,0,0,1
8546,0,0,0,0,0,0,0,0,0,18,0,0,0,0,0,0,3961,0,0,0
8564,0,10,0,0,1,0,0,0,0,0,0,0,0,20,0,0,0,3973,0,0
8567,0,0,0,0,0,0,0,3986,0,0,0,0,0,0,0,0,0,0,0,17
8573,0,0,0,0,0,0,0,0,0,2,0,0,0,44,0,0,0,0,0,3948
8594,1,0,1,0,0,0,0,0,0,105,0,0,0,0,0,0,3890,0,0,0
8595,0,1,0,0,22,0,0,3970,0,0,0,0,0,0,0,0,0,0,0,7
8622,0,0,0,1,0,0,0,3958,0,0,0,0,0,0,0,3,0,0,0,41
8626,0,0,0,0,0,0,0,0,0,0,0,0,12,0,0,0,0,0,0,3985
8631,0,0,0,0,0,0,0,0,0,12,0,3987,0,0,0,0,0,0,0,0
8715,0,0,0,0,0,0,0,0,0,0,0,0,16,0,0,3993,0,0,1,0
8718,0,0,0,0,0,0,0,0,0,0,0,0,0,114,3888,5,0,0,0,0
8725,3984,0,0,0,0,0,0,0,0,0,0,0,0,0,0,9,0,0,0,16
8726,0,0,0,3988,0,0,0,19,0,0,0,0,0,0,0,0,0,0,0,0
8767,0,3995,0,0,0,0,0,0,0,0,1,0,0,0,0,17,0,0,0,0
8771,0,0,0,0,0,0,0,0,0,3995,0,0,0,0,0,0,0,0,0,19
8793,0,0,0,0,0,0,0,0,0,0,0,0,13,0,0,0,0,0,0,4001
8878,0,0,0,0,0,0,0,0,3994,0,0,0,0,0,0,0,0,0,14,0
8931,0,0,0,0,0,0,0,0,0,18,0,0,0,0,0,0,3993,0,0,0
8954,0,1,0,0,0,4003,0,0,0,0,0,0,0,0,12,0,0,0,0,0
8979,0,0,0,0,0,0,0,0,0,3893,0,0,0,0,0,0,119,0,0,0
9022,0,0,0,0,0,0,0,0,0,29,0,0,0,0,0,0,3973,0,0,0
9047,0,0,0,0,0,0,0,0,0,20,1,0,0,0,0,0,3987,0,0,0
9170,0,0,0,0,0,0,0,0,0,20,0,0,0,0,0,0,3975,0,0,0
9171,0,0,0,0,3983,0,0,0,0,0,0,0,12,0,0,0,0,0,0,0
9198,0,0,0,0,0,0,0,0,0,0,0,0,0,255,0,3740,0,0,0,0
9213,0,0,0,0,0,0,0,0,0,3980,0,0,0,0,0,1,12,0,0,1
9225,3975,0,0,0,0,0,0,0,0,0,0,0,0,0,0,1,1,0,0,13
9226,0,3924,0,0,0,0,0,0,0,65,0,0,0,0,0,0,0,0,0,0
9236,0,0,0,0,0,0,0,0,0,0,0,0,0,49,0,0,0,0,0,3939
9237,0,0,1,3961,0,0,0,27,0,0,0,0,0,0,0,0,0,0,0,0
9239,3963,0,0,0,0,0,0,0,0,0,0,0,1,0,0,13,1,0,0,13
9241,0,0,0,0,0,0,0,0,0,0,0,0,21,0,0,3965,0,0,1,0
9247,0,0,0,0,61,0,0,0,0,0,0,0,0,0,0,0,0,0,3938,0
9258,0,0,0,0,0,0,0,0,0,0,0,0,0,3845,0,160,0,0,0,0
9266,0,0,0,0,0,0,3989,0,0,0,17,0,0,0,0,0,0,0,0,0
9269,0,0,0,0,0,0,0,0,0,0,0,0,17,3991,0,0,0,0,0,0
9294,0,0,0,0,0,0,0,0,0,0,0,0,3984,14,0,0,0,0,0,3
9295,0,0,0,0,0,0,0,0,0,3955,4,0,3,24,0,0,0,0,0,0
9298,0,0,0,0,0,0,0,0,0,0,0,0,20,0,6,3984,0,0,2,0
9299,0,0,0,3945,0,0,0,0,0,0,0,0,0,60,0,0,0,0,7,0
9309,0,2,0,0,0,0,0,0,0,0,0,0,0,74,3915,15,3,0,0,0
9321,0,0,0,2,14,0,0,3990,0,0,0,0,1,0,0,0,0,0,0,3
9330,0,0,0,0,0,0,0,4000,0,0,0,0,0,0,0,0,0,11,0,0
9363,0,0,0,0,0,0,0,0,1,0,0,0,0,3,3790,206,0,0,0,0
9415,3916,0,0,0,0,0,0,0,0,0,0,0,0,0,0,88,1,0,0,0
9435,0,0,0,0,0,0,0,0,0,0,0,0,12,3999,0,0,0,0,0,0
9441,0,0,0,0,0,0,0,0,3979,0,0,0,0,0,0,0,0,0,31,0
9447,0,0,0,0,0,0,0,0,0,0,0,0,0,14,3993,1,0,0,0,0
9479,0,0,0,0,0,0,0,0,0,0,0,0,3,0,4,3966,0,0,20,0
9483,0,0,0,0,0,0,0,0,0,0,0,0,0,31,0,3964,0,0,0,0
9486,0,4,0,0,0,0,0,2,0,17,0,0,0,0,0,3972,1,0,0,0
9489,0,0,0,0,0,0,0,0,0,21,0,0,0,0,0,3971,2,0,0,0
9490,0,0,0,0,0,0,0,0,0,0,0,0,0,439,0,3547,0,0,0,0
9493,0,0,0,0,0,0,0,0,0,0,0,0,0,27,0,3966,1,0,0,0
9495,0,0,0,0,0,1,0,0,0,0,0,0,0,239,3742,8,0,0,0,0
9498,0,1,90,0,1,0,0,1,0,1,0,0,0,0,0,3896,0,0,0,0
9499,0,2407,0,0,0,0,0,0,0,0,1565,9,0,0,0,2,0,0,0,0
9500,0,1544,0,0,0,1,0,2425,0,0,0,0,0,13,0,0,0,0,0,0
9501,0,0,0,0,0,0,0,0,0,210,0,0,0,0,0,3,3770,0,0,0
9502,0,0,0,0,0,0,0,0,0,0,0,0,27,0,0,3960,1,0,0,0
9503,0,0,0,0,0,0,0,0,1,0,0,0,0,5,3970,15,1,0,0,0
9505,0,3957,1,0,0,0,0,1,0,29,4,0,0,0,0,1,0,0,0,0
9506,0,0,0,0,0,0,0,0,0,20,1,3973,0,0,0,0,0,0,0,0
9507,3971,0,0,0,0,0,0,0,0,0,0,0,0,0,0,2,4,0,0,16
9516,3771,0,0,0,0,0,0,0,0,0,0,0,0,0,0,0,0,0,0,216
9530,0,0,0,0,0,0,0,0,0,250,0,3741,0,0,0,0,0,0,0,0
9531,0,0,0,0,0,0,0,0,0,0,0,0,76,0,0,3918,0,0,0,0
9588,0,0,0,0,0,0,0,0,0,3885,0,0,0,0,0,0,118,0,0,1
9660,0,0,0,0,0,0,0,0,0,0,0,0,0,12,3977,1,0,0,0,0
9661,0,0,0,0,0,0,0,0,0,0,0,0,0,5,3948,30,0,0,0,0
9667,0,0,1,3951,0,0,1,0,0,0,0,0,0,0,0,0,0,0,11,0
9672,3835,0,0,0,0,0,0,0,0,0,0,0,0,0,0,0,123,0,0,2
9673,0,0,0,3873,0,0,0,1,0,0,0,0,0,0,0,0,0,0,85,0
9674,0,0,0,0,0,13,3948,0,0,0,0,0,0,0,0,0,0,0,0,0
9680,0,0,0,0,0,3947,0,0,18,0,0,0,0,0,0,0,0,0,0,0
9681,0,3938,0,0,0,0,0,0,0,0,26,0,0,0,0,0,0,0,0,0
9687,0,0,0,0,0,0,0,0,0,24,0,0,0,0,0,0,3941,0,0,0
9694,3953,0,0,0,0,0,0,0,0,0,0,0,0,0,0,4,0,0,0,11
9697,0,0,0,3950,0,0,0,0,1,0,0,0,0,0,0,0,0,0,17,0
9698,0,0,0,3955,0,0,0,0,0,0,0,0,0,0,0,0,0,0,12,0
9739,0,0,0,0,1,0,0,0,0,0,0,0,11,0,0,3965,0,0,0,0
9746,0,0,0,0,0,0,0,0,0,0,0,0,0,221,0,0,0,0,0,3755
