7100,0,0,0,1,0,0,0,14,0,1,1,0,0,0,0,0,0,0,0,3934,
7102,0,0,0,0,0,0,0,0,1,0,0,0,75,3876,2,0,0,0,0,0,
7109,0,0,0,0,0,0,0,0,0,0,0,0,25,0,0,3933,0,0,0,0,
7115,0,0,0,0,0,0,0,0,0,0,0,0,91,3866,0,0,0,0,0,0,
7117,0,0,5,0,0,0,0,0,0,11,0,0,0,0,0,0,3937,0,0,0,
7126,0,0,0,0,0,0,0,0,0,14,0,0,0,0,0,0,3937,0,0,1,
7132,0,0,0,0,1,0,0,3942,0,0,0,0,0,0,0,0,0,0,0,14,
7146,0,0,0,0,0,0,0,0,3995,0,0,0,0,0,0,0,0,0,14,0,
7151,0,0,0,0,0,0,0,0,0,0,0,0,18,3979,0,0,0,0,0,0,
7172,0,14,0,0,0,0,0,3975,0,0,0,0,0,0,0,1,0,0,0,9,
7177,116,0,0,3867,0,0,0,1,0,0,0,0,0,0,0,0,0,0,16,0,
7195,0,0,0,0,0,0,0,0,0,0,0,0,48,0,0,3954,0,0,0,0,
7235,0,0,0,3962,0,1,0,0,10,0,0,0,0,0,0,0,0,0,19,0,
7250,0,0,0,0,0,0,0,0,0,11,0,3961,0,0,0,0,27,0,0,0,
7270,0,0,0,0,0,3979,0,0,0,0,11,0,1,4,1,0,0,0,0,0,
7278,0,0,0,0,0,0,0,3961,0,0,0,0,0,0,0,0,0,0,0,19,
7312,0,0,0,3870,0,0,0,97,2,0,0,0,0,0,0,0,0,0,5,5,
7319,3744,0,0,0,0,0,0,0,0,0,0,0,0,0,0,1,6,0,0,232,
7343,0,3962,0,0,0,5,0,0,0,21,0,0,0,0,0,0,0,0,0,0,
7359,3593,0,0,0,0,0,0,0,0,0,0,0,0,0,0,18,0,0,0,0,
7369,0,0,0,0,0,0,0,0,0,0,0,0,0,16,3594,0,0,0,0,0,
7404,0,0,0,0,0,0,0,0,0,22,0,0,0,0,0,0,3614,0,0,0,
7481,0,0,0,0,0,0,0,0,0,0,0,0,0,13,3972,0,0,0,0,0,
7514,0,0,111,0,0,0,0,0,0,0,3893,0,0,0,0,0,4,0,0,0,
7536,0,0,3894,0,0,0,0,0,0,0,69,0,0,0,0,0,0,0,0,0,
7574,0,2,205,0,0,0,0,0,0,0,0,0,0,0,0,3698,0,0,0,0,
7581,0,0,0,0,0,3,3697,0,0,0,203,0,0,0,0,0,0,0,0,0,
7587,0,0,0,0,0,0,0,0,0,0,0,0,3883,0,0,19,0,0,1,1,
7598,0,0,3691,0,0,0,1,0,0,0,0,0,0,0,0,0,23,0,174,0,
7662,0,0,0,0,0,0,0,0,0,0,0,0,3990,24,0,0,0,0,0,0,
7667,3951,0,0,63,0,0,0,0,0,0,0,0,0,0,0,2,0,0,0,0,
7680,0,0,0,12,0,0,4003,0,0,0,0,0,0,0,0,0,0,0,0,0,
7711,0,0,23,299,0,0,0,3690,0,0,0,0,0,0,0,0,0,0,0,0,
7723,3997,0,0,0,0,0,0,0,0,0,0,0,0,0,0,20,0,0,0,2,
7751,0,0,0,0,0,2,3985,0,0,0,12,0,0,0,0,0,0,0,0,3,
7772,0,13,0,0,0,3944,0,0,45,0,2,0,0,0,0,0,0,0,0,0,
7774,0,1,0,0,0,3960,0,0,38,0,2,0,0,0,3,0,0,0,0,0,
7778,0,24,0,0,0,0,0,0,123,0,0,0,0,0,3857,0,0,0,0,0,
7798,3836,0,0,0,0,0,0,0,0,0,0,0,0,0,0,0,0,0,0,168,
7813,0,0,0,0,0,0,0,0,0,65,0,0,0,0,0,0,3937,0,0,0,
7828,0,0,0,0,0,0,0,0,0,12,0,3988,0,0,0,0,0,0,0,0,
7829,15,0,0,0,0,0,0,0,0,0,0,0,0,0,0,2,3985,0,0,0,
7909,0,0,0,0,0,0,0,0,0,0,0,0,0,14,3991,7,0,0,0,0,
7939,0,0,0,1,0,0,0,4005,0,0,0,0,0,0,0,11,0,0,0,0,
8036,0,0,0,0,0,0,0,0,0,0,0,0,18,0,0,3988,0,0,0,0,
8054,0,0,0,0,0,3985,0,0,0,0,0,0,0,29,0,0,0,0,0,0,
8079,62,0,0,0,0,0,0,0,0,0,0,0,0,0,0,3950,0,0,0,0,
8165,0,0,0,0,0,0,0,0,0,0,0,0,12,0,0,0,0,0,0,4006,
8175,3991,0,0,0,0,0,0,0,0,0,0,0,0,0,0,16,4,0,0,7,
8198,0,0,0,0,0,0,0,0,4006,0,0,0,0,0,0,0,0,0,13,0,
8201,0,0,0,0,0,0,0,0,0,2,0,0,0,14,0,0,0,0,0,4003,
8214,0,0,0,0,0,0,0,0,0,27,0,0,0,0,0,0,3991,0,0,0,
8215,1,0,0,3948,0,0,0,0,62,0,0,0,0,0,0,0,0,0,7,0,
8256,0,0,0,0,0,0,0,0,4000,0,0,0,0,0,0,0,0,0,19,0,
8273,0,0,0,0,0,0,0,1,0,0,0,0,162,0,0,0,0,0,0,3842,
8325,0,0,0,0,0,0,0,0,0,0,0,0,0,12,0,0,0,0,0,3999,
8349,0,0,0,0,0,0,0,0,0,0,0,0,13,0,0,4003,0,0,0,0,